Time,Ray Origin,Direction,Object Tag,Event
166775.4140842,"(-0.07, 1.73, -4.07)","(-0.25, -0.16, 0.96)",Correct
166784.7392757,"(-0.04, 1.73, -4.06)","(0.02, -0.20, 0.98)",Correct
166784.7484811,"(-0.04, 1.73, -4.06)","(0.02, -0.20, 0.98)",Correct
166784.7588111,"(-0.04, 1.73, -4.06)","(0.02, -0.20, 0.98)",Correct
166784.7698143,"(-0.04, 1.73, -4.06)","(0.02, -0.20, 0.98)",Correct
166784.7810564,"(-0.04, 1.73, -4.07)","(0.02, -0.20, 0.98)",Correct
166784.7925149,"(-0.04, 1.73, -4.07)","(0.02, -0.20, 0.98)",Correct
166784.8034534,"(-0.04, 1.73, -4.07)","(0.02, -0.20, 0.98)",Correct
166784.815441,"(-0.04, 1.73, -4.07)","(0.03, -0.20, 0.98)",Correct
166784.8272754,"(-0.04, 1.73, -4.07)","(0.03, -0.20, 0.98)",Correct
166784.8361552,"(-0.04, 1.73, -4.07)","(0.03, -0.19, 0.98)",Correct
166784.8481177,"(-0.04, 1.73, -4.07)","(0.03, -0.19, 0.98)",Correct
166784.8584534,"(-0.04, 1.73, -4.07)","(0.03, -0.19, 0.98)",Correct
166784.8716226,"(-0.04, 1.73, -4.07)","(0.02, -0.19, 0.98)",Correct
166784.8814756,"(-0.04, 1.73, -4.07)","(0.02, -0.19, 0.98)",Correct
166784.8929774,"(-0.04, 1.73, -4.07)","(0.02, -0.19, 0.98)",Correct
166784.9041117,"(-0.04, 1.73, -4.07)","(0.02, -0.19, 0.98)",Correct
166784.9157426,"(-0.04, 1.73, -4.07)","(0.02, -0.19, 0.98)",Correct
166784.9259656,"(-0.04, 1.73, -4.07)","(0.01, -0.18, 0.98)",Correct
166784.9367647,"(-0.05, 1.73, -4.07)","(0.01, -0.18, 0.98)",Correct
166784.9494036,"(-0.05, 1.73, -4.07)","(0.01, -0.18, 0.98)",Correct
166784.9597694,"(-0.05, 1.73, -4.07)","(0.01, -0.18, 0.98)",Correct
166784.9706991,"(-0.05, 1.73, -4.07)","(0.00, -0.18, 0.98)",Correct
166784.9821331,"(-0.05, 1.73, -4.07)","(0.00, -0.18, 0.98)",Correct
166784.9937781,"(-0.05, 1.73, -4.07)","(0.00, -0.18, 0.98)",Correct
166785.0051443,"(-0.05, 1.73, -4.07)","(0.00, -0.18, 0.98)",Correct
166785.0156635,"(-0.05, 1.73, -4.07)","(0.00, -0.18, 0.98)",Correct
166785.0265431,"(-0.04, 1.73, -4.07)","(0.00, -0.18, 0.98)",Correct
166785.0375899,"(-0.04, 1.73, -4.07)","(0.00, -0.19, 0.98)",Correct
166785.0491616,"(-0.04, 1.73, -4.07)","(0.00, -0.19, 0.98)",Correct
166785.0600532,"(-0.04, 1.73, -4.07)","(0.00, -0.19, 0.98)",Correct
166785.0715735,"(-0.04, 1.73, -4.07)","(0.00, -0.19, 0.98)",Correct
166785.082258,"(-0.04, 1.73, -4.07)","(0.01, -0.19, 0.98)",Correct
166785.0933032,"(-0.04, 1.73, -4.07)","(0.01, -0.19, 0.98)",Correct
166785.1058461,"(-0.04, 1.73, -4.07)","(0.01, -0.19, 0.98)",Correct
166785.1162624,"(-0.04, 1.73, -4.07)","(0.01, -0.19, 0.98)",Correct
166785.1269764,"(-0.04, 1.73, -4.07)","(0.02, -0.19, 0.98)",Correct
166785.1372444,"(-0.04, 1.73, -4.07)","(0.02, -0.19, 0.98)",Correct
166785.149181,"(-0.04, 1.73, -4.07)","(0.02, -0.19, 0.98)",Correct
166785.1592903,"(-0.04, 1.73, -4.07)","(0.02, -0.19, 0.98)",Correct
166785.1704291,"(-0.04, 1.73, -4.07)","(0.03, -0.19, 0.98)",Correct
166785.1818002,"(-0.04, 1.73, -4.07)","(0.03, -0.19, 0.98)",Correct
166785.1926602,"(-0.04, 1.73, -4.07)","(0.03, -0.18, 0.98)",Correct
166785.2020054,"(-0.04, 1.73, -4.07)","(0.03, -0.18, 0.98)",Correct
166785.2120896,"(-0.04, 1.73, -4.07)","(0.03, -0.18, 0.98)",Correct
166785.2237785,"(-0.04, 1.73, -4.07)","(0.02, -0.18, 0.98)",Correct
166785.2343579,"(-0.04, 1.73, -4.07)","(0.02, -0.18, 0.98)",Correct
166785.2452034,"(-0.04, 1.73, -4.07)","(0.02, -0.18, 0.98)",Correct
166785.2562085,"(-0.04, 1.73, -4.07)","(0.02, -0.17, 0.98)",Correct
166785.2672717,"(-0.04, 1.73, -4.07)","(0.02, -0.17, 0.99)",Correct
166785.2780941,"(-0.04, 1.73, -4.07)","(0.01, -0.17, 0.99)",Correct
166785.2897674,"(-0.04, 1.73, -4.07)","(0.01, -0.17, 0.99)",Correct
166785.3002895,"(-0.04, 1.73, -4.07)","(0.01, -0.17, 0.99)",Correct
166785.3135991,"(-0.04, 1.73, -4.07)","(0.00, -0.17, 0.99)",Correct
166785.3247205,"(-0.04, 1.73, -4.07)","(0.00, -0.17, 0.99)",Correct
166785.3353573,"(-0.04, 1.73, -4.07)","(0.00, -0.17, 0.99)",Correct
166785.3474426,"(-0.04, 1.73, -4.07)","(0.00, -0.16, 0.99)",Correct
166785.3579787,"(-0.04, 1.73, -4.07)","(-0.01, -0.15, 0.99)",Correct
166785.3688166,"(-0.04, 1.73, -4.07)","(-0.01, -0.14, 0.99)",Correct
166785.379862,"(-0.04, 1.73, -4.07)","(-0.01, -0.13, 0.99)",Correct
166785.3909097,"(-0.04, 1.73, -4.07)","(-0.01, -0.13, 0.99)",Correct
166785.4022353,"(-0.04, 1.73, -4.07)","(-0.02, -0.13, 0.99)",Correct
166785.4139511,"(-0.04, 1.73, -4.07)","(-0.01, -0.12, 0.99)",Correct
166785.4257316,"(-0.04, 1.74, -4.07)","(-0.01, -0.12, 0.99)",NULL
166785.4359425,"(-0.04, 1.74, -4.07)","(-0.01, -0.11, 0.99)",NULL
166785.4472256,"(-0.04, 1.74, -4.07)","(-0.01, -0.12, 0.99)",NULL
166785.4584345,"(-0.04, 1.74, -4.07)","(-0.01, -0.13, 0.99)",NULL
166785.4691382,"(-0.04, 1.74, -4.07)","(-0.01, -0.14, 0.99)",NULL
166785.4804132,"(-0.04, 1.74, -4.07)","(-0.01, -0.14, 0.99)",NULL
166785.4917186,"(-0.04, 1.74, -4.07)","(-0.01, -0.14, 0.99)",NULL
166785.5029086,"(-0.04, 1.74, -4.07)","(-0.03, -0.16, 0.99)",NULL
166785.5147393,"(-0.04, 1.74, -4.07)","(-0.06, -0.16, 0.99)",NULL
166785.5267839,"(-0.04, 1.74, -4.07)","(-0.08, -0.17, 0.98)",Incorrect
166785.5369064,"(-0.04, 1.74, -4.07)","(-0.10, -0.18, 0.98)",Incorrect
166785.547853,"(-0.04, 1.74, -4.07)","(-0.10, -0.18, 0.98)",Incorrect
166785.5582423,"(-0.04, 1.74, -4.07)","(-0.10, -0.18, 0.98)",Incorrect
166785.5697295,"(-0.04, 1.74, -4.07)","(-0.10, -0.18, 0.98)",Incorrect
166785.5813676,"(-0.04, 1.74, -4.07)","(-0.10, -0.18, 0.98)",Incorrect
166785.5919192,"(-0.04, 1.74, -4.07)","(-0.10, -0.18, 0.98)",Incorrect
166785.6029036,"(-0.04, 1.74, -4.07)","(-0.10, -0.18, 0.98)",Incorrect
166785.6145396,"(-0.04, 1.74, -4.07)","(-0.10, -0.18, 0.98)",Incorrect
166785.6271918,"(-0.04, 1.74, -4.07)","(-0.10, -0.18, 0.98)",Incorrect
166785.6369554,"(-0.04, 1.73, -4.07)","(-0.18, -0.21, 0.96)",Incorrect
166785.6476867,"(-0.04, 1.73, -4.07)","(-0.21, -0.19, 0.96)",Correct
166785.6587003,"(-0.04, 1.73, -4.07)","(-0.22, -0.17, 0.96)",Correct
166785.6694308,"(-0.04, 1.73, -4.07)","(-0.22, -0.17, 0.96)",Correct
166785.6814716,"(-0.04, 1.73, -4.07)","(-0.22, -0.16, 0.96)",Correct
166785.6922968,"(-0.04, 1.73, -4.07)","(-0.22, -0.15, 0.96)",Correct
166785.7032014,"(-0.04, 1.73, -4.07)","(-0.22, -0.15, 0.96)",Correct
166785.714763,"(-0.04, 1.73, -4.07)","(-0.22, -0.15, 0.97)",Correct
166785.7268359,"(-0.04, 1.73, -4.07)","(-0.21, -0.14, 0.97)",Correct
166785.7373213,"(-0.04, 1.73, -4.07)","(-0.22, -0.13, 0.97)",Correct
166785.7474936,"(-0.04, 1.73, -4.07)","(-0.21, -0.12, 0.97)",Correct
166785.7585385,"(-0.04, 1.73, -4.07)","(-0.21, -0.12, 0.97)",Correct
166785.770136,"(-0.04, 1.73, -4.07)","(-0.21, -0.11, 0.97)",Correct
166785.7807823,"(-0.04, 1.73, -4.07)","(-0.21, -0.11, 0.97)",Correct
166785.7919076,"(-0.04, 1.73, -4.07)","(-0.21, -0.11, 0.97)",Correct
166785.8030696,"(-0.04, 1.73, -4.07)","(-0.21, -0.11, 0.97)",Correct
166785.8148196,"(-0.04, 1.73, -4.07)","(-0.22, -0.11, 0.97)",Correct
166785.8280896,"(-0.04, 1.73, -4.07)","(-0.22, -0.11, 0.97)",Correct
166785.8371978,"(-0.04, 1.73, -4.07)","(-0.23, -0.11, 0.97)",Correct
166785.8475452,"(-0.04, 1.73, -4.07)","(-0.24, -0.11, 0.97)",Correct
166785.858529,"(-0.04, 1.73, -4.07)","(-0.24, -0.11, 0.96)",Correct
166785.8692288,"(-0.04, 1.73, -4.07)","(-0.25, -0.11, 0.96)",Correct
166785.880724,"(-0.04, 1.73, -4.07)","(-0.26, -0.12, 0.96)",Correct
166785.8923939,"(-0.04, 1.73, -4.07)","(-0.26, -0.12, 0.96)",Correct
166785.9028637,"(-0.04, 1.73, -4.07)","(-0.27, -0.13, 0.96)",Correct
166785.9140253,"(-0.04, 1.73, -4.07)","(-0.27, -0.13, 0.95)",Correct
166785.9259433,"(-0.04, 1.73, -4.07)","(-0.27, -0.14, 0.95)",Correct
166785.9361381,"(-0.04, 1.73, -4.07)","(-0.28, -0.14, 0.95)",Correct
166785.9475854,"(-0.05, 1.73, -4.07)","(-0.28, -0.14, 0.95)",Correct
166785.9587785,"(-0.05, 1.73, -4.07)","(-0.28, -0.14, 0.95)",Correct
166785.9699885,"(-0.05, 1.73, -4.07)","(-0.28, -0.14, 0.95)",Correct
166785.9812019,"(-0.05, 1.73, -4.07)","(-0.28, -0.14, 0.95)",Correct
166785.9923153,"(-0.05, 1.73, -4.07)","(-0.27, -0.15, 0.95)",Correct
166786.0029196,"(-0.05, 1.73, -4.07)","(-0.27, -0.14, 0.95)",Correct
166786.0149368,"(-0.05, 1.73, -4.07)","(-0.27, -0.14, 0.95)",Correct
166786.026361,"(-0.05, 1.73, -4.07)","(-0.28, -0.14, 0.95)",Correct
166786.0360765,"(-0.05, 1.73, -4.07)","(-0.28, -0.14, 0.95)",Correct
166786.0478962,"(-0.05, 1.73, -4.07)","(-0.28, -0.14, 0.95)",Correct
166786.0580923,"(-0.05, 1.73, -4.07)","(-0.28, -0.14, 0.95)",Correct
166786.0695442,"(-0.05, 1.73, -4.07)","(-0.28, -0.14, 0.95)",Correct
166786.0805842,"(-0.05, 1.73, -4.07)","(-0.28, -0.14, 0.95)",Correct
166786.0920553,"(-0.05, 1.73, -4.07)","(-0.29, -0.14, 0.95)",Correct
166786.102298,"(-0.05, 1.73, -4.07)","(-0.29, -0.14, 0.95)",Correct
166786.114564,"(-0.05, 1.73, -4.07)","(-0.29, -0.14, 0.95)",Correct
166786.1253428,"(-0.05, 1.73, -4.07)","(-0.29, -0.14, 0.95)",Correct
166786.1360565,"(-0.05, 1.73, -4.06)","(-0.29, -0.14, 0.94)",Correct
166786.1477894,"(-0.05, 1.73, -4.06)","(-0.29, -0.14, 0.95)",Correct
166786.1582354,"(-0.05, 1.73, -4.06)","(-0.30, -0.15, 0.94)",Correct
166786.1699186,"(-0.05, 1.73, -4.06)","(-0.30, -0.15, 0.94)",Correct
166786.1803875,"(-0.05, 1.73, -4.06)","(-0.31, -0.15, 0.94)",Correct
166786.1923805,"(-0.05, 1.73, -4.06)","(-0.31, -0.16, 0.94)",Correct
166786.2026882,"(-0.05, 1.73, -4.06)","(-0.32, -0.17, 0.93)",Correct
166786.2145713,"(-0.06, 1.73, -4.06)","(-0.33, -0.17, 0.93)",Correct
166786.2250809,"(-0.06, 1.73, -4.06)","(-0.33, -0.17, 0.93)",Correct
166786.2361091,"(-0.06, 1.73, -4.06)","(-0.33, -0.17, 0.93)",Correct
166786.2477143,"(-0.06, 1.73, -4.06)","(-0.34, -0.17, 0.93)",Correct
166786.2585636,"(-0.06, 1.73, -4.06)","(-0.34, -0.17, 0.92)",Correct
166786.269275,"(-0.06, 1.73, -4.06)","(-0.34, -0.17, 0.92)",Correct
166786.2812541,"(-0.06, 1.73, -4.06)","(-0.34, -0.17, 0.92)",Correct
166786.2921462,"(-0.06, 1.73, -4.06)","(-0.34, -0.17, 0.93)",Correct
166786.3024694,"(-0.06, 1.73, -4.06)","(-0.33, -0.17, 0.93)",Correct
166786.3146872,"(-0.06, 1.73, -4.06)","(-0.33, -0.17, 0.93)",Correct
166786.3250294,"(-0.06, 1.73, -4.06)","(-0.33, -0.17, 0.93)",Correct
166786.3361022,"(-0.06, 1.73, -4.06)","(-0.32, -0.17, 0.93)",Correct
166786.3473517,"(-0.06, 1.73, -4.06)","(-0.32, -0.17, 0.93)",Correct
166786.3583358,"(-0.06, 1.73, -4.06)","(-0.32, -0.17, 0.93)",Correct
166786.369699,"(-0.06, 1.73, -4.06)","(-0.32, -0.17, 0.93)",Correct
166786.3809926,"(-0.06, 1.73, -4.06)","(-0.31, -0.16, 0.94)",Correct
166786.3918366,"(-0.06, 1.73, -4.06)","(-0.31, -0.16, 0.94)",Correct
166786.4032441,"(-0.06, 1.73, -4.06)","(-0.31, -0.16, 0.94)",Correct
166786.4149305,"(-0.06, 1.73, -4.06)","(-0.31, -0.16, 0.94)",Correct
166786.4255553,"(-0.06, 1.73, -4.06)","(-0.30, -0.16, 0.94)",Correct
166786.4359196,"(-0.06, 1.73, -4.06)","(-0.30, -0.17, 0.94)",Correct
166786.4472953,"(-0.06, 1.73, -4.06)","(-0.30, -0.17, 0.94)",Correct
166786.4577961,"(-0.06, 1.73, -4.06)","(-0.30, -0.17, 0.94)",Correct
166786.4692076,"(-0.06, 1.73, -4.06)","(-0.30, -0.17, 0.94)",Correct
166786.4818302,"(-0.06, 1.73, -4.06)","(-0.30, -0.18, 0.94)",Correct
166786.4916905,"(-0.06, 1.73, -4.06)","(-0.30, -0.18, 0.94)",Correct
166786.502565,"(-0.06, 1.73, -4.06)","(-0.30, -0.18, 0.94)",Correct
166786.5150374,"(-0.06, 1.73, -4.06)","(-0.30, -0.19, 0.93)",Correct
166786.5261497,"(-0.06, 1.73, -4.06)","(-0.30, -0.19, 0.94)",Correct
166786.5360453,"(-0.06, 1.73, -4.06)","(-0.30, -0.19, 0.94)",Correct
166786.5472854,"(-0.06, 1.73, -4.06)","(-0.30, -0.18, 0.94)",Correct
166786.557608,"(-0.06, 1.73, -4.06)","(-0.30, -0.18, 0.94)",Correct
166786.5689649,"(-0.06, 1.73, -4.06)","(-0.30, -0.18, 0.94)",Correct
166786.5811686,"(-0.06, 1.73, -4.06)","(-0.30, -0.18, 0.94)",Correct
166786.5921514,"(-0.06, 1.73, -4.06)","(-0.30, -0.17, 0.94)",Correct
166786.6143553,"(-0.06, 1.73, -4.06)","(-0.29, -0.17, 0.94)",Correct
166786.6313593,"(-0.06, 1.73, -4.06)","(-0.30, -0.16, 0.94)",Correct
166786.6424639,"(-0.06, 1.73, -4.06)","(-0.30, -0.16, 0.94)",Correct
166786.653693,"(-0.07, 1.73, -4.06)","(-0.30, -0.16, 0.94)",Correct
166786.6654597,"(-0.07, 1.73, -4.06)","(-0.30, -0.16, 0.94)",Correct
166786.6754186,"(-0.07, 1.73, -4.06)","(-0.30, -0.16, 0.94)",Correct
166786.6869143,"(-0.06, 1.73, -4.06)","(-0.30, -0.17, 0.94)",Correct
166786.7092486,"(-0.06, 1.73, -4.06)","(-0.30, -0.18, 0.94)",Correct
166786.7312185,"(-0.06, 1.73, -4.06)","(-0.31, -0.19, 0.93)",Correct
166786.7535812,"(-0.06, 1.73, -4.06)","(-0.31, -0.20, 0.93)",Correct
166786.7758252,"(-0.06, 1.73, -4.06)","(-0.31, -0.19, 0.93)",Correct
166786.8013782,"(-0.06, 1.73, -4.06)","(-0.30, -0.19, 0.93)",Correct
166786.8238732,"(-0.06, 1.73, -4.06)","(-0.29, -0.19, 0.94)",Correct
166786.8462124,"(-0.06, 1.73, -4.06)","(-0.28, -0.19, 0.94)",Correct
166786.8572878,"(-0.06, 1.73, -4.06)","(-0.28, -0.18, 0.94)",Correct
166786.8682592,"(-0.06, 1.73, -4.06)","(-0.27, -0.18, 0.95)",Correct
166786.8797755,"(-0.06, 1.73, -4.06)","(-0.27, -0.18, 0.95)",Correct
166786.8907973,"(-0.06, 1.73, -4.06)","(-0.27, -0.17, 0.95)",Correct
166786.9017541,"(-0.06, 1.73, -4.06)","(-0.27, -0.17, 0.95)",Correct
166786.913733,"(-0.06, 1.73, -4.06)","(-0.27, -0.17, 0.95)",Correct
166786.9249442,"(-0.06, 1.73, -4.06)","(-0.27, -0.17, 0.95)",Correct
166786.9349414,"(-0.06, 1.73, -4.06)","(-0.27, -0.16, 0.95)",Correct
166786.9471158,"(-0.06, 1.73, -4.06)","(-0.27, -0.17, 0.95)",Correct
166786.957502,"(-0.06, 1.73, -4.06)","(-0.28, -0.17, 0.95)",Correct
166786.9690439,"(-0.06, 1.73, -4.06)","(-0.28, -0.17, 0.95)",Correct
166786.9791771,"(-0.06, 1.73, -4.06)","(-0.28, -0.17, 0.95)",Correct
166786.9914007,"(-0.06, 1.73, -4.06)","(-0.28, -0.17, 0.94)",Correct
166787.0014126,"(-0.06, 1.73, -4.06)","(-0.28, -0.17, 0.94)",Correct
166787.0140685,"(-0.06, 1.73, -4.06)","(-0.28, -0.18, 0.94)",Correct
166787.0248299,"(-0.06, 1.73, -4.06)","(-0.28, -0.18, 0.94)",Correct
166787.0344656,"(-0.06, 1.73, -4.06)","(-0.28, -0.18, 0.94)",Correct
166787.048356,"(-0.06, 1.73, -4.06)","(-0.28, -0.18, 0.94)",Correct
166787.0582581,"(-0.06, 1.73, -4.06)","(-0.28, -0.18, 0.94)",Correct
166787.0696164,"(-0.06, 1.73, -4.06)","(-0.28, -0.18, 0.94)",Correct
166787.0800979,"(-0.06, 1.73, -4.06)","(-0.28, -0.18, 0.94)",Correct
166787.0913513,"(-0.06, 1.73, -4.06)","(-0.28, -0.18, 0.94)",Correct
166787.1023584,"(-0.06, 1.73, -4.06)","(-0.28, -0.17, 0.94)",Correct
166787.1138704,"(-0.06, 1.73, -4.06)","(-0.28, -0.17, 0.94)",Correct
166787.1248796,"(-0.06, 1.73, -4.06)","(-0.28, -0.17, 0.95)",Correct
166787.1363293,"(-0.06, 1.73, -4.06)","(-0.28, -0.16, 0.95)",Correct
166787.1479744,"(-0.06, 1.73, -4.06)","(-0.28, -0.16, 0.95)",Correct
166787.1585271,"(-0.06, 1.73, -4.06)","(-0.28, -0.16, 0.95)",Correct
166787.1697939,"(-0.06, 1.73, -4.06)","(-0.27, -0.15, 0.95)",Correct
166787.1806898,"(-0.06, 1.73, -4.06)","(-0.27, -0.15, 0.95)",Correct
166787.1919767,"(-0.06, 1.73, -4.06)","(-0.27, -0.15, 0.95)",Correct
166787.2031192,"(-0.06, 1.73, -4.06)","(-0.27, -0.15, 0.95)",Correct
166787.2146879,"(-0.06, 1.73, -4.06)","(-0.27, -0.15, 0.95)",Correct
166787.2259029,"(-0.06, 1.73, -4.06)","(-0.27, -0.15, 0.95)",Correct
166787.2367675,"(-0.06, 1.73, -4.06)","(-0.27, -0.15, 0.95)",Correct
166787.2479316,"(-0.06, 1.73, -4.06)","(-0.26, -0.15, 0.95)",Correct
166787.2581019,"(-0.06, 1.73, -4.06)","(-0.26, -0.15, 0.95)",Correct
166787.2691806,"(-0.06, 1.73, -4.06)","(-0.26, -0.15, 0.95)",Correct
166787.2802413,"(-0.06, 1.73, -4.06)","(-0.26, -0.15, 0.95)",Correct
166787.2914064,"(-0.06, 1.73, -4.06)","(-0.26, -0.15, 0.96)",Correct
166787.3025747,"(-0.06, 1.73, -4.06)","(-0.26, -0.15, 0.96)",Correct
166787.3141414,"(-0.06, 1.73, -4.06)","(-0.25, -0.15, 0.96)",Correct
166787.3146623,,,,Distractor: Asteroid
166787.3255331,"(-0.06, 1.73, -4.06)","(-0.25, -0.15, 0.96)",Correct
166787.3364916,"(-0.06, 1.73, -4.06)","(-0.25, -0.15, 0.96)",Correct
166787.3482292,"(-0.05, 1.73, -4.06)","(-0.24, -0.15, 0.96)",Correct
166787.3585648,"(-0.05, 1.73, -4.06)","(-0.24, -0.15, 0.96)",Correct
166787.3696818,"(-0.05, 1.73, -4.06)","(-0.24, -0.15, 0.96)",Correct
166787.3814438,"(-0.05, 1.73, -4.06)","(-0.24, -0.15, 0.96)",Correct
166787.3927949,"(-0.05, 1.73, -4.06)","(-0.23, -0.15, 0.96)",Correct
166787.4026927,"(-0.05, 1.73, -4.06)","(-0.23, -0.15, 0.96)",Correct
166787.414133,"(-0.05, 1.73, -4.06)","(-0.23, -0.14, 0.96)",Correct
166787.4255189,"(-0.05, 1.73, -4.06)","(-0.23, -0.14, 0.96)",Correct
166787.4369849,"(-0.05, 1.73, -4.06)","(-0.22, -0.14, 0.96)",Correct
166787.4487835,"(-0.05, 1.73, -4.06)","(-0.22, -0.14, 0.97)",Correct
166787.4591809,"(-0.05, 1.73, -4.06)","(-0.22, -0.14, 0.97)",Correct
166787.4696891,"(-0.05, 1.73, -4.07)","(-0.22, -0.14, 0.97)",Correct
166787.4804439,"(-0.05, 1.73, -4.06)","(-0.21, -0.14, 0.97)",Correct
166787.4920668,"(-0.05, 1.73, -4.06)","(-0.21, -0.14, 0.97)",Correct
166787.502541,"(-0.05, 1.73, -4.06)","(-0.21, -0.14, 0.97)",Correct
166787.5141348,"(-0.05, 1.73, -4.06)","(-0.21, -0.14, 0.97)",Incorrect
166787.5262095,"(-0.05, 1.73, -4.06)","(-0.21, -0.14, 0.97)",Incorrect
166787.5371901,"(-0.05, 1.73, -4.07)","(-0.20, -0.14, 0.97)",Incorrect
166787.5482721,"(-0.05, 1.73, -4.07)","(-0.20, -0.14, 0.97)",Incorrect
166787.5587616,"(-0.05, 1.73, -4.07)","(-0.20, -0.14, 0.97)",Incorrect
166787.5695454,"(-0.05, 1.73, -4.07)","(-0.19, -0.14, 0.97)",Incorrect
166787.5808741,"(-0.05, 1.73, -4.07)","(-0.19, -0.14, 0.97)",Incorrect
166787.5921959,"(-0.05, 1.73, -4.07)","(-0.18, -0.14, 0.97)",Incorrect
166787.6030598,"(-0.05, 1.73, -4.07)","(-0.17, -0.14, 0.97)",Incorrect
166787.6147947,"(-0.05, 1.73, -4.07)","(-0.17, -0.14, 0.98)",Incorrect
166787.6250908,"(-0.05, 1.73, -4.07)","(-0.16, -0.14, 0.98)",Incorrect
166787.6359142,"(-0.05, 1.73, -4.07)","(-0.15, -0.14, 0.98)",Incorrect
166787.647076,"(-0.05, 1.73, -4.07)","(-0.15, -0.14, 0.98)",Incorrect
166787.657735,"(-0.05, 1.73, -4.07)","(-0.14, -0.14, 0.98)",Incorrect
166787.6692321,"(-0.05, 1.73, -4.07)","(-0.13, -0.14, 0.98)",Correct
166787.6800043,"(-0.05, 1.73, -4.07)","(-0.12, -0.14, 0.98)",Correct
166787.6918992,"(-0.05, 1.73, -4.07)","(-0.12, -0.14, 0.98)",Correct
166787.7020219,"(-0.05, 1.73, -4.07)","(-0.11, -0.14, 0.98)",Correct
166787.7144221,"(-0.05, 1.73, -4.07)","(-0.11, -0.14, 0.98)",Correct
166787.7253018,"(-0.05, 1.73, -4.07)","(-0.10, -0.14, 0.98)",Correct
166787.7359833,"(-0.05, 1.73, -4.07)","(-0.09, -0.14, 0.99)",Correct
166787.7477237,"(-0.05, 1.73, -4.07)","(-0.09, -0.14, 0.99)",Correct
166787.7586693,"(-0.05, 1.73, -4.07)","(-0.08, -0.14, 0.99)",Correct
166787.7699831,"(-0.05, 1.73, -4.07)","(-0.08, -0.14, 0.99)",Correct
166787.7808428,"(-0.05, 1.73, -4.07)","(-0.07, -0.14, 0.99)",Correct
166787.7920455,"(-0.05, 1.73, -4.07)","(-0.07, -0.15, 0.99)",Correct
166787.8031332,"(-0.05, 1.73, -4.07)","(-0.06, -0.15, 0.99)",Correct
166787.8147282,"(-0.04, 1.73, -4.07)","(-0.06, -0.15, 0.99)",Correct
166787.8258843,"(-0.04, 1.73, -4.07)","(-0.05, -0.15, 0.99)",Correct
166787.8362706,"(-0.04, 1.73, -4.07)","(-0.05, -0.15, 0.99)",Correct
166787.8485523,"(-0.04, 1.73, -4.07)","(-0.05, -0.15, 0.99)",Correct
166787.8587763,"(-0.04, 1.73, -4.07)","(-0.04, -0.15, 0.99)",Correct
166787.8700959,"(-0.04, 1.73, -4.07)","(-0.04, -0.15, 0.99)",Correct
166787.881106,"(-0.04, 1.73, -4.07)","(-0.04, -0.15, 0.99)",Correct
166787.8924536,"(-0.04, 1.73, -4.07)","(-0.04, -0.15, 0.99)",Correct
166787.9033341,"(-0.04, 1.73, -4.07)","(-0.03, -0.16, 0.99)",Correct
166787.9148388,"(-0.04, 1.73, -4.07)","(-0.03, -0.16, 0.99)",Correct
166787.9258779,"(-0.04, 1.73, -4.07)","(-0.03, -0.16, 0.99)",Correct
166787.9362753,"(-0.04, 1.73, -4.07)","(-0.03, -0.16, 0.99)",Correct
166787.9480494,"(-0.04, 1.73, -4.07)","(-0.03, -0.16, 0.99)",Correct
166787.9588645,"(-0.04, 1.73, -4.07)","(-0.03, -0.16, 0.99)",Correct
166787.9699714,"(-0.04, 1.73, -4.07)","(-0.03, -0.16, 0.99)",Correct
166787.9811485,"(-0.04, 1.73, -4.07)","(-0.03, -0.16, 0.99)",Correct
166787.9923562,"(-0.04, 1.73, -4.07)","(-0.03, -0.16, 0.99)",Correct
166788.0034985,"(-0.04, 1.73, -4.06)","(-0.03, -0.16, 0.99)",Correct
166788.0151258,"(-0.04, 1.73, -4.07)","(-0.03, -0.16, 0.99)",Correct
166788.026157,"(-0.04, 1.73, -4.06)","(-0.02, -0.17, 0.99)",Correct
166788.0363582,"(-0.04, 1.73, -4.06)","(-0.02, -0.17, 0.99)",Correct
166788.0480925,"(-0.04, 1.73, -4.06)","(-0.02, -0.16, 0.99)",Correct
166788.0588699,"(-0.04, 1.73, -4.06)","(-0.02, -0.16, 0.99)",Correct
166788.0702709,"(-0.04, 1.73, -4.06)","(-0.02, -0.16, 0.99)",Correct
166788.0813912,"(-0.04, 1.73, -4.06)","(-0.02, -0.16, 0.99)",Correct
166788.0926482,"(-0.04, 1.73, -4.06)","(-0.02, -0.16, 0.99)",Correct
166788.1032601,"(-0.04, 1.73, -4.06)","(-0.02, -0.16, 0.99)",Correct
166788.1152408,"(-0.04, 1.73, -4.06)","(-0.02, -0.16, 0.99)",Correct
166788.1259023,"(-0.04, 1.73, -4.06)","(-0.02, -0.16, 0.99)",Correct
166788.135838,"(-0.04, 1.73, -4.06)","(-0.02, -0.16, 0.99)",Correct
166788.1480383,"(-0.04, 1.73, -4.06)","(-0.01, -0.16, 0.99)",Correct
166788.15896,"(-0.04, 1.73, -4.06)","(-0.01, -0.17, 0.99)",Correct
166788.1692132,"(-0.04, 1.73, -4.06)","(-0.01, -0.17, 0.99)",Correct
166788.180342,"(-0.04, 1.73, -4.06)","(-0.01, -0.17, 0.99)",Correct
166788.191622,"(-0.04, 1.73, -4.06)","(-0.01, -0.17, 0.99)",Correct
166788.2024782,"(-0.04, 1.73, -4.06)","(-0.01, -0.17, 0.99)",Correct
166788.2143966,"(-0.04, 1.73, -4.06)","(-0.01, -0.17, 0.99)",Correct
166788.2253768,"(-0.04, 1.73, -4.06)","(-0.01, -0.17, 0.99)",Correct
166788.2357954,"(-0.04, 1.73, -4.06)","(0.00, -0.17, 0.99)",Correct
166788.247455,"(-0.04, 1.73, -4.06)","(0.00, -0.17, 0.99)",Correct
166788.2593107,"(-0.04, 1.73, -4.06)","(0.00, -0.17, 0.99)",Correct
166788.2698948,"(-0.04, 1.73, -4.06)","(0.00, -0.17, 0.99)",Correct
166788.2808895,"(-0.04, 1.73, -4.06)","(0.00, -0.17, 0.99)",Correct
166788.2920696,"(-0.04, 1.73, -4.06)","(0.00, -0.17, 0.99)",Correct
166788.3033247,"(-0.04, 1.73, -4.06)","(0.01, -0.17, 0.99)",Correct
166788.3149254,"(-0.04, 1.73, -4.06)","(0.01, -0.17, 0.99)",Correct
166788.3256975,"(-0.04, 1.73, -4.06)","(0.01, -0.17, 0.99)",Correct
166788.3364803,"(-0.04, 1.73, -4.06)","(0.01, -0.17, 0.99)",Correct
166788.3480967,"(-0.04, 1.73, -4.06)","(0.01, -0.17, 0.99)",Correct
166788.3588866,"(-0.04, 1.73, -4.06)","(0.02, -0.17, 0.99)",Correct
166788.370229,"(-0.04, 1.73, -4.06)","(0.02, -0.17, 0.98)",Correct
166788.3816465,"(-0.04, 1.73, -4.06)","(0.02, -0.17, 0.98)",Correct
166788.3923887,"(-0.04, 1.73, -4.06)","(0.02, -0.17, 0.98)",Correct
166788.4037705,"(-0.04, 1.73, -4.06)","(0.02, -0.17, 0.98)",Correct
166788.4155007,"(-0.04, 1.73, -4.06)","(0.03, -0.18, 0.98)",Correct
166788.4258333,"(-0.04, 1.73, -4.06)","(0.03, -0.18, 0.98)",Correct
166788.4368173,"(-0.04, 1.73, -4.06)","(0.03, -0.18, 0.98)",Correct
166788.4481287,"(-0.04, 1.73, -4.06)","(0.03, -0.18, 0.98)",Correct
166788.4593319,"(-0.04, 1.73, -4.06)","(0.04, -0.18, 0.98)",Correct
166788.4703612,"(-0.04, 1.73, -4.06)","(0.04, -0.17, 0.98)",Correct
166788.48242,"(-0.04, 1.73, -4.06)","(0.04, -0.17, 0.98)",Correct
166788.4928145,"(-0.04, 1.73, -4.06)","(0.04, -0.17, 0.98)",Correct
166788.5034973,"(-0.04, 1.73, -4.06)","(0.05, -0.17, 0.98)",Correct
166788.5154869,"(-0.04, 1.73, -4.06)","(0.05, -0.17, 0.98)",Correct
166788.5259,"(-0.04, 1.73, -4.06)","(0.05, -0.17, 0.98)",Correct
166788.5361915,"(-0.04, 1.73, -4.06)","(0.06, -0.17, 0.98)",Correct
166788.5480396,"(-0.04, 1.73, -4.06)","(0.06, -0.17, 0.98)",Correct
166788.5588923,"(-0.04, 1.73, -4.06)","(0.12, -0.17, 0.98)",Correct
166788.5700505,"(-0.04, 1.73, -4.06)","(0.18, -0.17, 0.97)",Correct
166788.581659,"(-0.04, 1.73, -4.06)","(0.22, -0.17, 0.96)",Correct
166788.5930782,"(-0.04, 1.73, -4.06)","(0.24, -0.17, 0.96)",Correct
166788.6036563,"(-0.04, 1.73, -4.06)","(0.25, -0.17, 0.95)",Correct
166788.6148688,"(-0.03, 1.73, -4.06)","(0.26, -0.17, 0.95)",Correct
166788.6254772,"(-0.03, 1.73, -4.06)","(0.27, -0.17, 0.95)",Correct
166788.636439,"(-0.03, 1.73, -4.06)","(0.27, -0.17, 0.95)",Correct
166788.6478124,"(-0.03, 1.73, -4.06)","(0.28, -0.17, 0.94)",Correct
166788.6590001,"(-0.03, 1.73, -4.06)","(0.29, -0.17, 0.94)",Correct
166788.6699843,"(-0.03, 1.73, -4.06)","(0.29, -0.17, 0.94)",Correct
166788.6813338,"(-0.03, 1.73, -4.06)","(0.30, -0.17, 0.94)",Correct
166788.6920583,"(-0.03, 1.73, -4.06)","(0.30, -0.18, 0.94)",Correct
166788.7032235,"(-0.03, 1.73, -4.06)","(0.31, -0.18, 0.93)",Correct
166788.7152163,"(-0.03, 1.73, -4.06)","(0.31, -0.18, 0.93)",Correct
166788.7257762,"(-0.03, 1.73, -4.06)","(0.32, -0.18, 0.93)",Correct
166788.7365529,"(-0.03, 1.73, -4.06)","(0.32, -0.18, 0.93)",Correct
166788.7483122,"(-0.03, 1.73, -4.06)","(0.33, -0.18, 0.93)",Correct
166788.7589635,"(-0.03, 1.73, -4.06)","(0.33, -0.18, 0.93)",Correct
166788.7705523,"(-0.03, 1.73, -4.06)","(0.33, -0.18, 0.93)",Correct
166788.7815298,"(-0.03, 1.73, -4.06)","(0.33, -0.18, 0.93)",Correct
166788.7928096,"(-0.03, 1.73, -4.06)","(0.33, -0.18, 0.93)",Correct
166788.8038665,"(-0.02, 1.73, -4.06)","(0.33, -0.18, 0.93)",Correct
166788.8153009,"(-0.02, 1.73, -4.06)","(0.33, -0.18, 0.93)",Correct
166788.8262194,"(-0.02, 1.73, -4.06)","(0.33, -0.18, 0.93)",Correct
166788.8366952,"(-0.02, 1.73, -4.06)","(0.33, -0.18, 0.93)",Correct
166788.8487058,"(-0.02, 1.73, -4.06)","(0.33, -0.18, 0.93)",Correct
166788.8593666,"(-0.02, 1.73, -4.06)","(0.33, -0.18, 0.93)",Correct
166788.8706917,"(-0.02, 1.73, -4.06)","(0.33, -0.18, 0.93)",Correct
166788.8815984,"(-0.02, 1.73, -4.06)","(0.33, -0.18, 0.93)",Correct
166788.8929174,"(-0.02, 1.73, -4.06)","(0.33, -0.18, 0.93)",Correct
166788.9039189,"(-0.02, 1.73, -4.06)","(0.33, -0.18, 0.93)",Correct
166788.9158524,"(-0.02, 1.73, -4.06)","(0.33, -0.18, 0.93)",Correct
166788.9261455,"(-0.02, 1.73, -4.06)","(0.33, -0.18, 0.93)",Correct
166788.9367945,"(-0.02, 1.73, -4.06)","(0.32, -0.18, 0.93)",Correct
166788.9489066,"(-0.02, 1.73, -4.06)","(0.32, -0.18, 0.93)",Correct
166788.9594904,"(-0.02, 1.73, -4.06)","(0.32, -0.18, 0.93)",Correct
166788.9704817,"(-0.02, 1.73, -4.06)","(0.32, -0.18, 0.93)",Correct
166788.9816591,"(-0.02, 1.73, -4.06)","(0.32, -0.18, 0.93)",Correct
166788.9928841,"(-0.02, 1.73, -4.06)","(0.32, -0.18, 0.93)",Correct
166789.0033241,"(-0.02, 1.73, -4.06)","(0.32, -0.18, 0.93)",Correct
166789.015399,"(-0.02, 1.73, -4.06)","(0.32, -0.18, 0.93)",Correct
166789.0263796,"(-0.02, 1.73, -4.06)","(0.31, -0.18, 0.93)",Correct
166789.0366358,"(-0.02, 1.73, -4.06)","(0.31, -0.18, 0.93)",Correct
166789.0487339,"(-0.02, 1.73, -4.06)","(0.31, -0.18, 0.93)",Correct
166789.0595958,"(-0.02, 1.73, -4.06)","(0.31, -0.18, 0.93)",Correct
166789.0708989,"(-0.02, 1.73, -4.06)","(0.31, -0.18, 0.93)",Correct
166789.0817743,"(-0.02, 1.73, -4.06)","(0.31, -0.18, 0.93)",Correct
166789.093067,"(-0.02, 1.73, -4.06)","(0.31, -0.18, 0.93)",Correct
166789.1054378,"(-0.02, 1.73, -4.06)","(0.31, -0.18, 0.93)",Correct
166789.1158161,"(-0.02, 1.73, -4.06)","(0.31, -0.18, 0.93)",Correct
166789.1261204,"(-0.02, 1.73, -4.06)","(0.31, -0.18, 0.93)",Correct
166789.1369799,"(-0.02, 1.73, -4.06)","(0.31, -0.18, 0.93)",Correct
166789.1490125,"(-0.02, 1.73, -4.06)","(0.31, -0.18, 0.93)",Correct
166789.1611142,"(-0.02, 1.73, -4.06)","(0.32, -0.18, 0.93)",Correct
166789.1703236,"(-0.02, 1.73, -4.06)","(0.32, -0.18, 0.93)",Correct
166789.1820042,"(-0.02, 1.73, -4.06)","(0.32, -0.18, 0.93)",Correct
166789.1932435,"(-0.02, 1.73, -4.06)","(0.32, -0.18, 0.93)",Correct
166789.2036932,"(-0.02, 1.73, -4.06)","(0.32, -0.18, 0.93)",Correct
166789.2155245,"(-0.02, 1.73, -4.06)","(0.32, -0.18, 0.93)",Correct
166789.226648,"(-0.02, 1.73, -4.06)","(0.32, -0.18, 0.93)",Correct
166789.2370145,"(-0.02, 1.73, -4.06)","(0.32, -0.18, 0.93)",Correct
166789.2490471,"(-0.02, 1.73, -4.06)","(0.32, -0.18, 0.93)",Correct
166789.2607196,"(-0.02, 1.73, -4.06)","(0.32, -0.18, 0.93)",Correct
166789.2710824,"(-0.02, 1.73, -4.06)","(0.33, -0.18, 0.93)",Correct
166789.2819094,"(-0.02, 1.73, -4.06)","(0.33, -0.18, 0.93)",Correct
166789.2926964,"(-0.02, 1.73, -4.06)","(0.33, -0.18, 0.93)",Correct
166789.3040325,"(-0.02, 1.73, -4.06)","(0.33, -0.18, 0.93)",Correct
166789.3155771,"(-0.02, 1.73, -4.06)","(0.34, -0.18, 0.92)",Correct
166789.3260665,"(-0.02, 1.73, -4.06)","(0.34, -0.18, 0.92)",Correct
166789.3370955,"(-0.02, 1.73, -4.06)","(0.34, -0.18, 0.92)",Correct
166789.3482823,"(-0.02, 1.73, -4.06)","(0.34, -0.18, 0.92)",Correct
166789.3596882,"(-0.02, 1.73, -4.06)","(0.34, -0.18, 0.92)",Correct
166789.3702397,"(-0.02, 1.73, -4.06)","(0.34, -0.18, 0.92)",Correct
166789.3815482,"(-0.02, 1.73, -4.06)","(0.34, -0.18, 0.92)",Correct
166789.3928176,"(-0.02, 1.73, -4.06)","(0.34, -0.18, 0.92)",Correct
166789.4036346,"(-0.02, 1.73, -4.06)","(0.34, -0.18, 0.92)",Correct
166789.4149074,"(-0.02, 1.73, -4.06)","(0.33, -0.18, 0.93)",Correct
166789.4261252,"(-0.02, 1.73, -4.06)","(0.33, -0.18, 0.93)",Correct
166789.4372399,"(-0.02, 1.73, -4.06)","(0.33, -0.18, 0.93)",Correct
166789.4487558,"(-0.02, 1.73, -4.06)","(0.33, -0.18, 0.93)",Correct
166789.4595979,"(-0.02, 1.73, -4.06)","(0.33, -0.18, 0.93)",Correct
166789.4710545,"(-0.02, 1.73, -4.06)","(0.33, -0.18, 0.93)",Correct
166789.481683,"(-0.03, 1.73, -4.06)","(0.33, -0.18, 0.93)",Correct
166789.4927649,"(-0.03, 1.73, -4.06)","(0.32, -0.17, 0.93)",Correct
166789.5038616,"(-0.03, 1.73, -4.06)","(0.32, -0.17, 0.93)",Correct
166789.5154442,"(-0.03, 1.73, -4.06)","(0.32, -0.17, 0.93)",Correct
166789.5261976,"(-0.03, 1.73, -4.06)","(0.32, -0.17, 0.93)",Correct
166789.5375562,"(-0.03, 1.73, -4.06)","(0.32, -0.17, 0.93)",Correct
166789.5490511,"(-0.03, 1.73, -4.06)","(0.32, -0.17, 0.93)",Correct
166789.5597677,"(-0.03, 1.73, -4.06)","(0.32, -0.17, 0.93)",Correct
166789.5710112,"(-0.03, 1.73, -4.06)","(0.32, -0.17, 0.93)",Correct
166789.582051,"(-0.03, 1.73, -4.06)","(0.32, -0.17, 0.93)",Correct
166789.5935204,"(-0.03, 1.73, -4.06)","(0.33, -0.17, 0.93)",Correct
166789.605458,"(-0.03, 1.73, -4.06)","(0.33, -0.17, 0.93)",Correct
166789.6159977,"(-0.03, 1.73, -4.06)","(0.33, -0.17, 0.93)",Correct
166789.6260887,"(-0.03, 1.73, -4.06)","(0.33, -0.17, 0.93)",Correct
166789.63719,"(-0.03, 1.73, -4.06)","(0.33, -0.17, 0.93)",Correct
166789.6509793,"(-0.03, 1.73, -4.06)","(0.33, -0.17, 0.93)",Correct
166789.6600397,"(-0.03, 1.73, -4.06)","(0.33, -0.17, 0.93)",Correct
166789.668533,"(-0.03, 1.73, -4.06)","(0.33, -0.17, 0.93)",Correct
166789.6798035,"(-0.03, 1.73, -4.06)","(0.33, -0.17, 0.93)",Correct
166789.6915139,"(-0.03, 1.73, -4.06)","(0.33, -0.18, 0.93)",Correct
166789.7015757,"(-0.03, 1.73, -4.06)","(0.33, -0.18, 0.93)",Correct
166789.7128364,"(-0.03, 1.73, -4.06)","(0.34, -0.18, 0.93)",Correct
166789.7241486,"(-0.03, 1.73, -4.06)","(0.34, -0.18, 0.93)",Correct
166789.7355481,"(-0.03, 1.73, -4.06)","(0.33, -0.18, 0.93)",Correct
166789.746228,"(-0.03, 1.73, -4.06)","(0.34, -0.18, 0.93)",Correct
166789.7570912,"(-0.03, 1.73, -4.06)","(0.33, -0.18, 0.93)",Correct
166789.7697604,"(-0.03, 1.73, -4.06)","(0.33, -0.18, 0.93)",Correct
166789.7806904,"(-0.03, 1.73, -4.06)","(0.33, -0.18, 0.93)",Correct
166789.7920435,"(-0.03, 1.73, -4.06)","(0.33, -0.18, 0.92)",Correct
166789.802666,"(-0.03, 1.73, -4.06)","(0.33, -0.18, 0.92)",Correct
166789.8147329,"(-0.03, 1.73, -4.06)","(0.33, -0.18, 0.92)",Correct
166789.8254856,"(-0.03, 1.73, -4.06)","(0.34, -0.18, 0.92)",Correct
166789.8364962,"(-0.03, 1.73, -4.06)","(0.34, -0.18, 0.92)",Correct
166789.8483599,"(-0.03, 1.73, -4.06)","(0.35, -0.18, 0.92)",Correct
166789.8584465,"(-0.03, 1.73, -4.06)","(0.35, -0.18, 0.92)",Correct
166789.8700961,"(-0.03, 1.73, -4.06)","(0.35, -0.18, 0.92)",Correct
166789.8703416,,,,Sound Effect: Missile Shot
166789.8711177,,,,Distractor: Missile
166789.8812111,"(-0.03, 1.73, -4.06)","(0.36, -0.18, 0.92)",Correct
166789.8924831,"(-0.03, 1.73, -4.06)","(0.36, -0.18, 0.92)",Correct
166789.9030486,"(-0.03, 1.73, -4.06)","(0.36, -0.18, 0.92)",Correct
166789.9148891,"(-0.03, 1.73, -4.06)","(0.36, -0.19, 0.91)",Correct
166789.9259943,"(-0.03, 1.73, -4.06)","(0.37, -0.20, 0.91)",Correct
166789.9366022,"(-0.03, 1.73, -4.06)","(0.37, -0.20, 0.91)",Correct
166789.9486781,"(-0.03, 1.73, -4.06)","(0.37, -0.20, 0.91)",Correct
166789.9592383,"(-0.03, 1.73, -4.06)","(0.37, -0.20, 0.91)",Correct
166789.9701982,"(-0.03, 1.73, -4.06)","(0.37, -0.20, 0.91)",Correct
166789.981289,"(-0.03, 1.73, -4.06)","(0.37, -0.20, 0.91)",Correct
166789.9922911,"(-0.03, 1.73, -4.06)","(0.37, -0.20, 0.91)",Correct
166790.0035935,"(-0.03, 1.73, -4.06)","(0.37, -0.20, 0.91)",Correct
166790.0151905,"(-0.03, 1.73, -4.06)","(0.36, -0.23, 0.91)",Correct
166790.0259379,"(-0.03, 1.73, -4.06)","(0.36, -0.23, 0.91)",Correct
166790.0374488,"(-0.03, 1.73, -4.06)","(0.35, -0.23, 0.91)",Correct
166790.0492117,"(-0.03, 1.73, -4.06)","(0.35, -0.22, 0.91)",Correct
166790.0590611,"(-0.03, 1.73, -4.06)","(0.35, -0.21, 0.91)",Correct
166790.0703094,"(-0.03, 1.73, -4.06)","(0.35, -0.20, 0.92)",Correct
166790.0823093,"(-0.03, 1.73, -4.06)","(0.34, -0.20, 0.92)",Correct
166790.0926251,"(-0.03, 1.73, -4.06)","(0.34, -0.19, 0.92)",Correct
166790.1037571,"(-0.03, 1.73, -4.06)","(0.33, -0.19, 0.92)",Correct
166790.1149491,"(-0.04, 1.73, -4.06)","(0.33, -0.19, 0.92)",Correct
166790.1265145,"(-0.04, 1.73, -4.06)","(0.32, -0.20, 0.93)",Correct
166790.1368759,"(-0.04, 1.73, -4.06)","(0.32, -0.20, 0.93)",Correct
166790.1481704,"(-0.04, 1.73, -4.06)","(0.31, -0.20, 0.93)",Correct
166790.1592145,"(-0.04, 1.73, -4.06)","(0.30, -0.20, 0.93)",Correct
166790.1703821,"(-0.04, 1.73, -4.06)","(0.30, -0.20, 0.93)",Correct
166790.1816281,"(-0.04, 1.73, -4.06)","(0.29, -0.20, 0.94)",Correct
166790.1933286,"(-0.04, 1.73, -4.06)","(0.28, -0.20, 0.94)",Correct
166790.2035121,"(-0.04, 1.73, -4.06)","(0.27, -0.21, 0.94)",Correct
166790.2153879,"(-0.04, 1.73, -4.06)","(0.27, -0.21, 0.94)",Correct
166790.2259458,"(-0.04, 1.73, -4.06)","(0.26, -0.21, 0.94)",Correct
166790.2373294,"(-0.04, 1.73, -4.06)","(0.25, -0.21, 0.95)",Correct
166790.2491732,"(-0.04, 1.73, -4.06)","(0.24, -0.21, 0.95)",Correct
166790.259273,"(-0.04, 1.73, -4.06)","(0.23, -0.21, 0.95)",Correct
166790.2699518,"(-0.05, 1.73, -4.06)","(0.22, -0.21, 0.95)",Correct
166790.2814667,"(-0.05, 1.73, -4.06)","(0.20, -0.21, 0.96)",Correct
166790.292293,"(-0.05, 1.73, -4.06)","(0.19, -0.22, 0.96)",Correct
166790.3030913,"(-0.05, 1.73, -4.06)","(0.18, -0.22, 0.96)",Correct
166790.3152543,"(-0.05, 1.73, -4.06)","(0.17, -0.22, 0.96)",Correct
166790.3268258,"(-0.05, 1.73, -4.06)","(0.16, -0.22, 0.96)",Correct
166790.3363749,"(-0.05, 1.73, -4.06)","(0.15, -0.22, 0.96)",Correct
166790.3475245,"(-0.05, 1.73, -4.06)","(0.14, -0.22, 0.97)",Correct
166790.3592782,"(-0.05, 1.73, -4.06)","(0.12, -0.23, 0.97)",Correct
166790.3698645,"(-0.05, 1.73, -4.06)","(0.11, -0.23, 0.97)",Correct
166790.3807045,"(-0.05, 1.73, -4.06)","(0.10, -0.23, 0.97)",Correct
166790.3924918,"(-0.05, 1.73, -4.06)","(0.09, -0.23, 0.97)",Correct
166790.4035654,"(-0.05, 1.73, -4.06)","(0.08, -0.23, 0.97)",Correct
166790.4146681,"(-0.05, 1.73, -4.06)","(0.06, -0.23, 0.97)",Correct
166790.4253573,"(-0.05, 1.73, -4.06)","(0.05, -0.23, 0.97)",Correct
166790.4362401,"(-0.06, 1.73, -4.06)","(0.04, -0.23, 0.97)",Correct
166790.4477528,"(-0.06, 1.73, -4.06)","(0.03, -0.23, 0.97)",Correct
166790.4588878,"(-0.06, 1.73, -4.06)","(0.02, -0.23, 0.97)",Correct
166790.4701531,"(-0.06, 1.73, -4.06)","(0.01, -0.23, 0.97)",Correct
166790.4813667,"(-0.06, 1.73, -4.06)","(0.00, -0.23, 0.97)",Correct
166790.4922278,"(-0.06, 1.73, -4.06)","(-0.01, -0.24, 0.97)",Correct
166790.5032765,"(-0.06, 1.73, -4.06)","(-0.02, -0.24, 0.97)",Correct
166790.5152308,"(-0.06, 1.72, -4.06)","(-0.05, -0.23, 0.97)",Correct
166790.5259329,"(-0.06, 1.72, -4.06)","(-0.07, -0.23, 0.97)",Correct
166790.536693,"(-0.06, 1.72, -4.06)","(-0.09, -0.23, 0.97)",Correct
166790.5483692,"(-0.06, 1.72, -4.06)","(-0.10, -0.22, 0.97)",Correct
166790.5590512,"(-0.06, 1.72, -4.06)","(-0.11, -0.21, 0.97)",Correct
166790.5706421,"(-0.06, 1.72, -4.06)","(-0.12, -0.21, 0.97)",Correct
166790.5821156,"(-0.06, 1.72, -4.06)","(-0.12, -0.21, 0.97)",Correct
166790.5936132,"(-0.06, 1.72, -4.06)","(-0.13, -0.20, 0.97)",Correct
166790.6041919,"(-0.06, 1.72, -4.06)","(-0.14, -0.20, 0.97)",Correct
166790.6155774,"(-0.06, 1.72, -4.06)","(-0.14, -0.20, 0.97)",Correct
166790.6252345,"(-0.06, 1.72, -4.06)","(-0.15, -0.20, 0.97)",Correct
166790.6364194,"(-0.06, 1.72, -4.06)","(-0.16, -0.20, 0.97)",Correct
166790.6475506,"(-0.06, 1.72, -4.06)","(-0.16, -0.20, 0.97)",Correct
166790.6584482,"(-0.06, 1.72, -4.06)","(-0.17, -0.20, 0.97)",Correct
166790.6692666,"(-0.06, 1.72, -4.06)","(-0.17, -0.20, 0.96)",Correct
166790.6803949,"(-0.06, 1.72, -4.06)","(-0.18, -0.20, 0.96)",Correct
166790.6918839,"(-0.06, 1.72, -4.06)","(-0.19, -0.20, 0.96)",Correct
166790.7021352,"(-0.06, 1.72, -4.06)","(-0.20, -0.20, 0.96)",Correct
166790.7139989,"(-0.06, 1.72, -4.06)","(-0.21, -0.20, 0.96)",Correct
166790.7253425,"(-0.06, 1.72, -4.06)","(-0.22, -0.20, 0.96)",Correct
166790.7369605,"(-0.06, 1.72, -4.06)","(-0.23, -0.20, 0.95)",Correct
166790.7483309,"(-0.06, 1.72, -4.06)","(-0.23, -0.20, 0.95)",Correct
166790.7592155,"(-0.06, 1.72, -4.06)","(-0.23, -0.20, 0.95)",Correct
166790.7702325,"(-0.06, 1.72, -4.06)","(-0.23, -0.20, 0.95)",Correct
166790.7817561,"(-0.06, 1.72, -4.06)","(-0.23, -0.20, 0.95)",Correct
166790.7928546,"(-0.06, 1.72, -4.06)","(-0.23, -0.20, 0.95)",NULL
166790.8035445,"(-0.06, 1.72, -4.06)","(-0.23, -0.20, 0.95)",NULL
166790.815391,"(-0.06, 1.72, -4.06)","(-0.23, -0.20, 0.95)",NULL
166790.8263751,"(-0.06, 1.72, -4.06)","(-0.23, -0.20, 0.95)",NULL
166790.8372591,"(-0.06, 1.72, -4.06)","(-0.23, -0.20, 0.95)",NULL
166790.8489143,"(-0.06, 1.72, -4.06)","(-0.23, -0.20, 0.95)",NULL
166790.8597334,"(-0.06, 1.72, -4.06)","(-0.30, -0.28, 0.91)",Correct
166790.8716551,"(-0.06, 1.72, -4.06)","(-0.28, -0.25, 0.93)",Room
166790.8820864,"(-0.06, 1.72, -4.06)","(-0.27, -0.21, 0.94)",NULL
166790.8927045,"(-0.06, 1.72, -4.06)","(-0.27, -0.19, 0.94)",NULL
166790.9033664,"(-0.06, 1.72, -4.06)","(-0.27, -0.18, 0.95)",NULL
166790.915653,"(-0.06, 1.72, -4.06)","(-0.27, -0.18, 0.95)",NULL
166790.9262166,"(-0.06, 1.72, -4.06)","(-0.27, -0.18, 0.95)",NULL
166790.9369395,"(-0.06, 1.72, -4.06)","(-0.26, -0.18, 0.95)",NULL
166790.9488183,"(-0.06, 1.72, -4.06)","(-0.26, -0.18, 0.95)",NULL
166790.9598692,"(-0.06, 1.72, -4.06)","(-0.26, -0.18, 0.95)",NULL
166790.9707334,"(-0.06, 1.72, -4.06)","(-0.26, -0.18, 0.95)",NULL
166790.9816784,"(-0.06, 1.72, -4.06)","(-0.26, -0.18, 0.95)",NULL
166790.9932685,"(-0.06, 1.72, -4.06)","(-0.26, -0.18, 0.95)",NULL
166791.0036835,"(-0.06, 1.73, -4.06)","(-0.26, -0.18, 0.95)",NULL
166791.0153947,"(-0.06, 1.73, -4.06)","(-0.27, -0.17, 0.95)",NULL
166791.0265654,"(-0.06, 1.73, -4.06)","(-0.27, -0.17, 0.95)",NULL
166791.0371292,"(-0.06, 1.73, -4.06)","(-0.27, -0.17, 0.95)",NULL
166791.0488643,"(-0.06, 1.73, -4.06)","(-0.27, -0.17, 0.95)",NULL
166791.0594486,"(-0.06, 1.73, -4.06)","(-0.27, -0.18, 0.95)",NULL
166791.0716696,"(-0.06, 1.73, -4.06)","(-0.27, -0.18, 0.95)",NULL
166791.0821151,"(-0.06, 1.73, -4.06)","(-0.27, -0.18, 0.95)",NULL
166791.0929511,"(-0.06, 1.73, -4.06)","(-0.27, -0.18, 0.94)",NULL
166791.1041324,"(-0.06, 1.73, -4.06)","(-0.27, -0.18, 0.94)",NULL
166791.1160932,"(-0.06, 1.73, -4.06)","(-0.28, -0.18, 0.94)",NULL
166791.1265063,"(-0.06, 1.73, -4.06)","(-0.28, -0.18, 0.94)",NULL
166791.1373118,"(-0.06, 1.73, -4.06)","(-0.28, -0.18, 0.94)",NULL
166791.1494266,"(-0.06, 1.73, -4.06)","(-0.28, -0.18, 0.94)",NULL
166791.1803643,"(-0.06, 1.73, -4.06)","(-0.27, -0.18, 0.94)",NULL
166791.191637,"(-0.06, 1.73, -4.06)","(-0.27, -0.18, 0.94)",NULL
166791.202153,"(-0.06, 1.73, -4.06)","(-0.27, -0.18, 0.94)",NULL
166791.2137891,"(-0.06, 1.73, -4.06)","(-0.27, -0.18, 0.94)",Correct
166791.2252077,"(-0.06, 1.73, -4.06)","(-0.27, -0.19, 0.94)",Correct
166791.235619,"(-0.06, 1.73, -4.06)","(-0.27, -0.19, 0.94)",Correct
166791.2476999,"(-0.06, 1.73, -4.06)","(-0.27, -0.19, 0.94)",Correct
166791.2578522,"(-0.06, 1.73, -4.06)","(-0.27, -0.19, 0.94)",Correct
166791.2691172,"(-0.06, 1.73, -4.06)","(-0.27, -0.19, 0.94)",Correct
166791.2802071,"(-0.06, 1.73, -4.06)","(-0.27, -0.19, 0.95)",Correct
166791.2916693,"(-0.06, 1.73, -4.06)","(-0.27, -0.19, 0.95)",Correct
166791.3020479,"(-0.06, 1.73, -4.06)","(-0.27, -0.19, 0.95)",Correct
166791.3146747,"(-0.06, 1.73, -4.06)","(-0.26, -0.19, 0.95)",Correct
166791.325837,"(-0.06, 1.73, -4.06)","(-0.26, -0.19, 0.95)",Correct
166791.3373683,"(-0.06, 1.73, -4.06)","(-0.26, -0.19, 0.95)",Correct
166791.3492624,"(-0.06, 1.73, -4.06)","(-0.26, -0.19, 0.95)",Correct
166791.3582105,"(-0.06, 1.73, -4.06)","(-0.26, -0.19, 0.95)",Correct
166791.3691858,"(-0.06, 1.73, -4.06)","(-0.26, -0.19, 0.95)",Correct
166791.3807495,"(-0.06, 1.73, -4.06)","(-0.26, -0.19, 0.95)",Correct
166791.3920822,"(-0.06, 1.73, -4.06)","(-0.26, -0.19, 0.95)",Correct
166791.4024046,"(-0.06, 1.73, -4.06)","(-0.26, -0.19, 0.95)",Correct
166791.4142957,"(-0.06, 1.73, -4.06)","(-0.25, -0.19, 0.95)",Correct
166791.4143655,,,,Sound Effect: Explosion
166791.4176766,,,,Sound Effect: Electric Surge
166791.4183415,,,,Distractor: Ceiling Light
166791.4253748,"(-0.06, 1.73, -4.06)","(-0.25, -0.19, 0.95)",Correct
166791.4350454,"(-0.06, 1.73, -4.06)","(-0.25, -0.19, 0.95)",Correct
166791.4472615,"(-0.06, 1.73, -4.06)","(-0.25, -0.19, 0.95)",Correct
166791.4590818,"(-0.06, 1.73, -4.06)","(-0.25, -0.19, 0.95)",Correct
166791.4704318,"(-0.06, 1.73, -4.06)","(-0.26, -0.19, 0.95)",Correct
166791.481103,"(-0.06, 1.73, -4.06)","(-0.26, -0.18, 0.95)",Correct
166791.49184,"(-0.06, 1.73, -4.06)","(-0.27, -0.17, 0.95)",Correct
166791.5025174,"(-0.06, 1.73, -4.06)","(-0.28, -0.16, 0.95)",Correct
166791.5139493,"(-0.06, 1.73, -4.06)","(-0.28, -0.16, 0.95)",Correct
166791.5247565,"(-0.06, 1.73, -4.06)","(-0.29, -0.15, 0.95)",Correct
166791.535566,"(-0.06, 1.73, -4.06)","(-0.29, -0.15, 0.95)",Correct
166791.5484183,"(-0.06, 1.73, -4.06)","(-0.29, -0.15, 0.95)",Correct
166791.5592053,"(-0.06, 1.73, -4.06)","(-0.29, -0.14, 0.95)",Correct
166791.570316,"(-0.06, 1.73, -4.06)","(-0.29, -0.14, 0.95)",Correct
166791.5811676,"(-0.06, 1.73, -4.06)","(-0.29, -0.14, 0.95)",Correct
166791.5925934,"(-0.06, 1.73, -4.06)","(-0.29, -0.14, 0.95)",Correct
166791.6038159,"(-0.06, 1.73, -4.06)","(-0.29, -0.14, 0.95)",Correct
166791.6152553,"(-0.06, 1.73, -4.06)","(-0.29, -0.14, 0.95)",Correct
166791.6261654,"(-0.06, 1.73, -4.06)","(-0.29, -0.14, 0.95)",Correct
166791.6367171,"(-0.06, 1.73, -4.06)","(-0.29, -0.14, 0.95)",Correct
166791.6489548,"(-0.06, 1.73, -4.06)","(-0.29, -0.13, 0.95)",Correct
166791.6593555,"(-0.06, 1.73, -4.06)","(-0.29, -0.13, 0.95)",Correct
166791.6704835,"(-0.06, 1.73, -4.06)","(-0.29, -0.13, 0.95)",Correct
166791.6817959,"(-0.06, 1.73, -4.06)","(-0.29, -0.13, 0.95)",Correct
166791.6930031,"(-0.06, 1.73, -4.06)","(-0.29, -0.13, 0.95)",Correct
166791.7038615,"(-0.06, 1.73, -4.06)","(-0.29, -0.13, 0.95)",Correct
166791.7153473,"(-0.06, 1.73, -4.06)","(-0.29, -0.13, 0.95)",Correct
166791.7203486,,,,Sound Effect: Metal
166791.7266446,"(-0.06, 1.73, -4.06)","(-0.29, -0.13, 0.95)",Correct
166791.7352992,"(-0.06, 1.73, -4.06)","(-0.29, -0.13, 0.95)",Correct
166791.7470331,"(-0.06, 1.73, -4.06)","(-0.29, -0.13, 0.95)",Correct
166791.7582474,"(-0.06, 1.73, -4.06)","(-0.29, -0.13, 0.95)",Correct
166791.768819,"(-0.06, 1.73, -4.06)","(-0.29, -0.13, 0.95)",Correct
166791.7793613,"(-0.06, 1.73, -4.06)","(-0.29, -0.13, 0.95)",Correct
166791.7909835,"(-0.06, 1.73, -4.06)","(-0.29, -0.13, 0.95)",Correct
166791.8016704,"(-0.06, 1.73, -4.06)","(-0.29, -0.14, 0.95)",Correct
166791.8129298,"(-0.06, 1.73, -4.06)","(-0.29, -0.14, 0.95)",Correct
166791.8239738,"(-0.06, 1.73, -4.06)","(-0.29, -0.14, 0.95)",Correct
166791.8348148,"(-0.06, 1.73, -4.06)","(-0.29, -0.14, 0.95)",Correct
166791.8479423,"(-0.06, 1.73, -4.06)","(-0.29, -0.14, 0.95)",Correct
166791.8594081,"(-0.06, 1.73, -4.06)","(-0.29, -0.14, 0.95)",Correct
166791.8701118,"(-0.06, 1.73, -4.06)","(-0.29, -0.14, 0.95)",Correct
166791.8814857,"(-0.06, 1.73, -4.06)","(-0.29, -0.14, 0.95)",Correct
166791.8931715,"(-0.06, 1.73, -4.06)","(-0.30, -0.14, 0.95)",Correct
166791.9034942,"(-0.06, 1.73, -4.06)","(-0.30, -0.14, 0.94)",Correct
166791.9147646,"(-0.06, 1.73, -4.06)","(-0.30, -0.14, 0.94)",Correct
166791.9258926,"(-0.06, 1.73, -4.06)","(-0.30, -0.14, 0.94)",Correct
166791.937091,"(-0.06, 1.73, -4.06)","(-0.30, -0.14, 0.94)",Correct
166791.9498635,"(-0.06, 1.73, -4.06)","(-0.30, -0.14, 0.94)",Correct
166791.9592545,"(-0.06, 1.73, -4.06)","(-0.30, -0.14, 0.94)",Correct
166791.9708741,"(-0.06, 1.73, -4.06)","(-0.30, -0.14, 0.94)",Correct
166791.982133,"(-0.06, 1.73, -4.06)","(-0.30, -0.14, 0.94)",Correct
166791.9927418,"(-0.06, 1.73, -4.06)","(-0.30, -0.14, 0.94)",Correct
166792.0037308,"(-0.06, 1.73, -4.06)","(-0.30, -0.14, 0.94)",Correct
166792.0158094,"(-0.06, 1.73, -4.06)","(-0.30, -0.14, 0.95)",Correct
166792.0265639,"(-0.07, 1.73, -4.06)","(-0.30, -0.14, 0.95)",Correct
166792.037322,"(-0.07, 1.73, -4.06)","(-0.29, -0.14, 0.95)",Correct
166792.0492065,"(-0.07, 1.73, -4.06)","(-0.29, -0.14, 0.95)",Correct
166792.0595909,"(-0.07, 1.73, -4.06)","(-0.29, -0.14, 0.95)",Correct
166792.071026,"(-0.07, 1.73, -4.06)","(-0.28, -0.14, 0.95)",Correct
166792.0831227,"(-0.07, 1.73, -4.06)","(-0.28, -0.14, 0.95)",Correct
166792.0935048,"(-0.07, 1.73, -4.06)","(-0.28, -0.14, 0.95)",Correct
166792.1048743,"(-0.07, 1.73, -4.06)","(-0.28, -0.14, 0.95)",Correct
166792.1155448,"(-0.07, 1.73, -4.06)","(-0.27, -0.14, 0.95)",Correct
166792.1269904,"(-0.07, 1.73, -4.06)","(-0.27, -0.13, 0.95)",Correct
166792.137771,"(-0.06, 1.73, -4.06)","(-0.27, -0.13, 0.95)",Correct
166792.1498332,"(-0.06, 1.73, -4.06)","(-0.27, -0.13, 0.95)",Correct
166792.1596543,"(-0.06, 1.73, -4.06)","(-0.26, -0.13, 0.96)",Correct
166792.17139,"(-0.06, 1.73, -4.06)","(-0.26, -0.13, 0.96)",Correct
166792.1823503,"(-0.06, 1.73, -4.06)","(-0.26, -0.13, 0.96)",Correct
166792.1937679,"(-0.06, 1.73, -4.06)","(-0.26, -0.13, 0.96)",Correct
166792.2038937,"(-0.06, 1.73, -4.06)","(-0.26, -0.13, 0.96)",Correct
166792.2163152,"(-0.06, 1.73, -4.06)","(-0.25, -0.13, 0.96)",Correct
166792.2268052,"(-0.06, 1.73, -4.06)","(-0.25, -0.13, 0.96)",Correct
166792.2374164,"(-0.06, 1.73, -4.06)","(-0.25, -0.13, 0.96)",Correct
166792.2496856,"(-0.06, 1.73, -4.06)","(-0.25, -0.13, 0.96)",Correct
166792.2598075,"(-0.06, 1.73, -4.06)","(-0.25, -0.14, 0.96)",Correct
166792.2712597,"(-0.06, 1.73, -4.06)","(-0.25, -0.14, 0.96)",Correct
166792.2825196,"(-0.06, 1.73, -4.06)","(-0.24, -0.14, 0.96)",Correct
166792.294105,"(-0.06, 1.73, -4.06)","(-0.24, -0.14, 0.96)",Correct
166792.3052941,"(-0.06, 1.73, -4.06)","(-0.24, -0.14, 0.96)",Light
166792.3157129,"(-0.06, 1.73, -4.06)","(-0.24, -0.14, 0.96)",Light
166792.326883,"(-0.06, 1.73, -4.06)","(-0.24, -0.14, 0.96)",Light
166792.3376565,"(-0.06, 1.73, -4.06)","(-0.24, -0.14, 0.96)",Light
166792.3493768,"(-0.06, 1.73, -4.06)","(-0.23, -0.14, 0.96)",Light
166792.360112,"(-0.06, 1.73, -4.06)","(-0.23, -0.14, 0.96)",Light
166792.3718423,"(-0.06, 1.73, -4.06)","(-0.23, -0.14, 0.96)",Correct
166792.3828823,"(-0.06, 1.73, -4.06)","(-0.23, -0.14, 0.96)",Correct
166792.3938729,"(-0.06, 1.73, -4.06)","(-0.23, -0.14, 0.96)",Correct
166792.4050785,"(-0.06, 1.73, -4.06)","(-0.23, -0.14, 0.96)",Correct
166792.4160116,"(-0.06, 1.73, -4.06)","(-0.23, -0.14, 0.96)",Correct
166792.4271446,"(-0.06, 1.73, -4.06)","(-0.23, -0.14, 0.96)",Correct
166792.4379673,"(-0.06, 1.73, -4.06)","(-0.23, -0.14, 0.96)",Correct
166792.4380441,,,,Sound Effect: Engine
166792.4394238,,,,Distractor: Ship
166792.4494552,"(-0.06, 1.73, -4.06)","(-0.23, -0.14, 0.96)",Correct
166792.4597741,"(-0.06, 1.73, -4.06)","(-0.23, -0.14, 0.96)",Correct
166792.4714582,"(-0.06, 1.73, -4.06)","(-0.23, -0.14, 0.96)",Correct
166792.4824111,"(-0.06, 1.73, -4.06)","(-0.22, -0.15, 0.96)",Correct
166792.494239,"(-0.06, 1.73, -4.06)","(-0.22, -0.15, 0.96)",Correct
166792.504145,"(-0.06, 1.73, -4.06)","(-0.22, -0.15, 0.96)",Correct
166792.515895,"(-0.06, 1.73, -4.06)","(-0.22, -0.15, 0.96)",Correct
166792.5297131,"(-0.06, 1.73, -4.06)","(-0.22, -0.15, 0.96)",Correct
166792.5372302,"(-0.06, 1.73, -4.06)","(-0.22, -0.15, 0.96)",Correct
166792.5490033,"(-0.06, 1.73, -4.06)","(-0.22, -0.15, 0.96)",Correct
166792.5595837,"(-0.06, 1.73, -4.06)","(-0.22, -0.15, 0.96)",Correct
166792.5733112,"(-0.06, 1.73, -4.06)","(-0.22, -0.14, 0.97)",Correct
166792.5839176,"(-0.06, 1.73, -4.06)","(-0.22, -0.14, 0.97)",Correct
166792.5927205,"(-0.06, 1.73, -4.06)","(-0.22, -0.14, 0.97)",Correct
166792.6038849,"(-0.06, 1.73, -4.06)","(-0.22, -0.14, 0.97)",Correct
166792.615296,"(-0.06, 1.73, -4.06)","(-0.22, -0.14, 0.97)",Correct
166792.6267649,"(-0.06, 1.73, -4.06)","(-0.22, -0.14, 0.97)",Incorrect
166792.6373601,"(-0.06, 1.73, -4.06)","(-0.22, -0.14, 0.97)",Incorrect
166792.6493758,"(-0.06, 1.73, -4.06)","(-0.22, -0.14, 0.97)",Incorrect
166792.6594685,"(-0.06, 1.73, -4.06)","(-0.21, -0.14, 0.97)",Incorrect
166792.6717606,"(-0.06, 1.73, -4.06)","(-0.21, -0.14, 0.97)",Incorrect
166792.683522,"(-0.06, 1.73, -4.06)","(-0.21, -0.14, 0.97)",Incorrect
166792.6929644,"(-0.06, 1.73, -4.06)","(-0.21, -0.14, 0.97)",Incorrect
166792.7037914,"(-0.06, 1.73, -4.06)","(-0.21, -0.14, 0.97)",Incorrect
166792.7155094,"(-0.06, 1.73, -4.06)","(-0.21, -0.14, 0.97)",Incorrect
166792.7268847,"(-0.06, 1.73, -4.06)","(-0.21, -0.13, 0.97)",Incorrect
166792.7367777,"(-0.06, 1.73, -4.06)","(-0.21, -0.13, 0.97)",Incorrect
166792.7493979,"(-0.06, 1.73, -4.06)","(-0.21, -0.13, 0.97)",Incorrect
166792.7592119,"(-0.06, 1.73, -4.06)","(-0.21, -0.13, 0.97)",Incorrect
166792.7706753,"(-0.06, 1.73, -4.06)","(-0.21, -0.13, 0.97)",Incorrect
166792.7816696,"(-0.06, 1.73, -4.06)","(-0.21, -0.13, 0.97)",Incorrect
166792.7932202,"(-0.06, 1.73, -4.06)","(-0.21, -0.13, 0.97)",Incorrect
166792.804138,"(-0.06, 1.73, -4.06)","(-0.20, -0.13, 0.97)",Incorrect
166792.815563,"(-0.06, 1.73, -4.06)","(-0.20, -0.13, 0.97)",Incorrect
166792.8264855,"(-0.06, 1.73, -4.06)","(-0.20, -0.13, 0.97)",Incorrect
166792.8375073,"(-0.06, 1.73, -4.06)","(-0.20, -0.13, 0.97)",Incorrect
166792.8502679,"(-0.06, 1.73, -4.06)","(-0.20, -0.13, 0.97)",Incorrect
166792.8596157,"(-0.06, 1.73, -4.06)","(-0.20, -0.13, 0.97)",Incorrect
166792.8710262,"(-0.06, 1.73, -4.06)","(-0.20, -0.13, 0.97)",NULL
166792.8824143,"(-0.06, 1.73, -4.06)","(-0.17, -0.13, 0.98)",NULL
166792.893202,"(-0.06, 1.73, -4.06)","(-0.14, -0.13, 0.98)",NULL
166792.9038734,"(-0.06, 1.73, -4.06)","(-0.10, -0.13, 0.99)",Correct
166792.915858,"(-0.06, 1.73, -4.06)","(-0.08, -0.13, 0.99)",Correct
166792.9268013,"(-0.06, 1.73, -4.06)","(-0.07, -0.14, 0.99)",Correct
166792.9373696,"(-0.06, 1.73, -4.06)","(-0.06, -0.14, 0.99)",Correct
166792.949236,"(-0.06, 1.73, -4.06)","(-0.06, -0.14, 0.99)",Correct
166792.9599525,"(-0.06, 1.73, -4.06)","(-0.06, -0.14, 0.99)",Correct
166792.9712658,"(-0.06, 1.73, -4.06)","(-0.05, -0.14, 0.99)",Correct
166792.9821379,"(-0.06, 1.73, -4.06)","(-0.05, -0.15, 0.99)",Correct
166792.993652,"(-0.05, 1.73, -4.06)","(-0.05, -0.15, 0.99)",Correct
166793.0050045,"(-0.05, 1.73, -4.06)","(-0.05, -0.15, 0.99)",Correct
166793.0155862,"(-0.05, 1.73, -4.06)","(-0.04, -0.15, 0.99)",Correct
166793.0265917,"(-0.05, 1.73, -4.06)","(-0.04, -0.15, 0.99)",Correct
166793.0381243,"(-0.05, 1.73, -4.06)","(-0.04, -0.15, 0.99)",Correct
166793.0500941,"(-0.05, 1.73, -4.06)","(-0.04, -0.15, 0.99)",Correct
166793.0609345,"(-0.05, 1.73, -4.06)","(-0.04, -0.15, 0.99)",Correct
166793.0711605,"(-0.05, 1.73, -4.06)","(-0.04, -0.15, 0.99)",Correct
166793.0823823,"(-0.05, 1.73, -4.06)","(-0.04, -0.15, 0.99)",Correct
166793.0939426,"(-0.05, 1.73, -4.06)","(-0.04, -0.15, 0.99)",Correct
166793.1050651,"(-0.05, 1.73, -4.06)","(-0.03, -0.15, 0.99)",Correct
166793.1156586,"(-0.05, 1.73, -4.06)","(-0.03, -0.15, 0.99)",Correct
166793.1270345,"(-0.05, 1.73, -4.06)","(-0.03, -0.15, 0.99)",Correct
166793.1378628,"(-0.05, 1.73, -4.06)","(-0.03, -0.15, 0.99)",Correct
166793.1499262,"(-0.05, 1.73, -4.06)","(-0.03, -0.15, 0.99)",Correct
166793.1609197,"(-0.05, 1.73, -4.06)","(-0.03, -0.15, 0.99)",Correct
166793.1717652,"(-0.05, 1.73, -4.06)","(-0.02, -0.15, 0.99)",Correct
166793.1833554,"(-0.05, 1.73, -4.06)","(-0.02, -0.15, 0.99)",Correct
166793.1941952,"(-0.05, 1.73, -4.06)","(-0.02, -0.15, 0.99)",Correct
166793.2052881,"(-0.05, 1.73, -4.06)","(-0.02, -0.15, 0.99)",Correct
166793.2159021,"(-0.05, 1.73, -4.06)","(-0.02, -0.15, 0.99)",Correct
166793.2272434,"(-0.05, 1.73, -4.06)","(-0.01, -0.15, 0.99)",Correct
166793.238012,"(-0.05, 1.73, -4.06)","(-0.01, -0.15, 0.99)",Correct
166793.2497622,"(-0.05, 1.73, -4.06)","(-0.01, -0.15, 0.99)",Correct
166793.2607529,"(-0.05, 1.73, -4.06)","(-0.01, -0.15, 0.99)",Correct
166793.271937,"(-0.05, 1.73, -4.06)","(-0.01, -0.15, 0.99)",Correct
166793.2828688,"(-0.05, 1.73, -4.06)","(-0.01, -0.15, 0.99)",Correct
166793.2942005,"(-0.05, 1.73, -4.06)","(-0.01, -0.15, 0.99)",Correct
166793.3049693,"(-0.05, 1.73, -4.06)","(-0.01, -0.15, 0.99)",Correct
166793.3162434,"(-0.05, 1.73, -4.06)","(-0.01, -0.15, 0.99)",Correct
166793.3274984,"(-0.05, 1.73, -4.06)","(-0.01, -0.16, 0.99)",Correct
166793.3384415,"(-0.05, 1.73, -4.06)","(-0.01, -0.16, 0.99)",Correct
166793.3509027,"(-0.05, 1.73, -4.06)","(-0.01, -0.16, 0.99)",Correct
166793.3620381,"(-0.05, 1.73, -4.06)","(-0.01, -0.16, 0.99)",Correct
166793.3720157,"(-0.05, 1.73, -4.06)","(-0.01, -0.16, 0.99)",Correct
166793.3824016,"(-0.05, 1.73, -4.06)","(-0.01, -0.16, 0.99)",Correct
166793.3934129,"(-0.05, 1.73, -4.06)","(-0.01, -0.16, 0.99)",Correct
166793.4055513,"(-0.05, 1.73, -4.06)","(-0.01, -0.16, 0.99)",Correct
166793.4160707,"(-0.05, 1.73, -4.06)","(-0.01, -0.16, 0.99)",Correct
166793.4270122,"(-0.05, 1.73, -4.06)","(-0.01, -0.16, 0.99)",Correct
166793.4376348,"(-0.05, 1.73, -4.06)","(-0.01, -0.16, 0.99)",Correct
166793.4493617,"(-0.05, 1.73, -4.06)","(0.00, -0.16, 0.99)",Correct
166793.4597532,"(-0.05, 1.73, -4.06)","(0.00, -0.16, 0.99)",Correct
166793.4724129,"(-0.05, 1.73, -4.06)","(0.00, -0.16, 0.99)",Correct
166793.4841955,"(-0.05, 1.73, -4.06)","(0.00, -0.16, 0.99)",Correct
166793.4950347,"(-0.05, 1.73, -4.06)","(0.00, -0.16, 0.99)",Correct
166793.5041678,"(-0.05, 1.73, -4.06)","(0.00, -0.16, 0.99)",Correct
166793.5161044,"(-0.05, 1.73, -4.06)","(0.00, -0.16, 0.99)",Correct
166793.5267716,"(-0.05, 1.73, -4.06)","(0.00, -0.16, 0.99)",Correct
166793.5376073,"(-0.05, 1.73, -4.06)","(0.00, -0.16, 0.99)",Correct
166793.5495497,"(-0.05, 1.73, -4.06)","(0.00, -0.16, 0.99)",Correct
166793.5599591,"(-0.05, 1.73, -4.06)","(0.00, -0.16, 0.99)",Correct
166793.5715402,"(-0.05, 1.73, -4.06)","(0.00, -0.16, 0.99)",Correct
166793.5825979,"(-0.05, 1.73, -4.06)","(0.01, -0.16, 0.99)",Correct
166793.5934937,"(-0.05, 1.73, -4.06)","(0.01, -0.16, 0.99)",Correct
166793.6046709,"(-0.04, 1.73, -4.06)","(0.01, -0.17, 0.99)",NULL
166793.6161158,"(-0.04, 1.73, -4.06)","(0.01, -0.17, 0.99)",NULL
166793.627539,"(-0.04, 1.73, -4.06)","(0.01, -0.17, 0.99)",NULL
166793.6385732,"(-0.04, 1.73, -4.06)","(0.01, -0.17, 0.99)",NULL
166793.6500465,"(-0.04, 1.73, -4.06)","(0.01, -0.17, 0.99)",NULL
166793.6602768,"(-0.04, 1.73, -4.06)","(0.04, -0.17, 0.98)",NULL
166793.6733639,"(-0.04, 1.73, -4.06)","(0.14, -0.17, 0.98)",Correct
166793.6833453,"(-0.04, 1.73, -4.06)","(0.20, -0.17, 0.97)",Correct
166793.6940882,"(-0.04, 1.73, -4.06)","(0.24, -0.17, 0.96)",Correct
166793.7056375,"(-0.04, 1.73, -4.06)","(0.26, -0.17, 0.95)",Correct
166793.7166243,"(-0.04, 1.73, -4.06)","(0.27, -0.17, 0.95)",Correct
166793.7275883,"(-0.04, 1.73, -4.06)","(0.27, -0.17, 0.95)",Correct
166793.738612,"(-0.04, 1.73, -4.06)","(0.28, -0.17, 0.94)",Correct
166793.7504604,"(-0.04, 1.73, -4.06)","(0.29, -0.17, 0.94)",Correct
166793.7608613,"(-0.04, 1.73, -4.06)","(0.29, -0.17, 0.94)",Correct
166793.7717499,"(-0.04, 1.73, -4.06)","(0.30, -0.17, 0.94)",Correct
166793.7829721,"(-0.04, 1.73, -4.06)","(0.30, -0.17, 0.94)",Correct
166793.794339,"(-0.04, 1.73, -4.06)","(0.30, -0.17, 0.94)",Correct
166793.8053309,"(-0.04, 1.73, -4.06)","(0.31, -0.17, 0.94)",Correct
166793.8161512,"(-0.04, 1.73, -4.06)","(0.31, -0.17, 0.94)",Correct
166793.8273876,"(-0.04, 1.73, -4.06)","(0.31, -0.17, 0.93)",Correct
166793.8384699,"(-0.04, 1.73, -4.06)","(0.32, -0.17, 0.93)",Correct
166793.8496319,"(-0.04, 1.73, -4.06)","(0.32, -0.17, 0.93)",Correct
166793.8604016,"(-0.04, 1.73, -4.06)","(0.32, -0.17, 0.93)",Correct
166793.8722986,"(-0.04, 1.73, -4.06)","(0.33, -0.17, 0.93)",Correct
166793.8832762,"(-0.03, 1.73, -4.06)","(0.33, -0.17, 0.93)",Correct
166793.8943838,"(-0.03, 1.73, -4.06)","(0.33, -0.17, 0.93)",Correct
166793.9061922,"(-0.03, 1.73, -4.06)","(0.33, -0.17, 0.93)",Correct
166793.9171807,"(-0.03, 1.73, -4.06)","(0.33, -0.17, 0.93)",Correct
166793.9276228,"(-0.03, 1.73, -4.06)","(0.33, -0.17, 0.93)",Correct
166793.9387686,"(-0.03, 1.73, -4.06)","(0.33, -0.17, 0.93)",Correct
166793.9506856,"(-0.03, 1.73, -4.06)","(0.33, -0.17, 0.93)",Correct
166793.9607979,"(-0.03, 1.73, -4.06)","(0.33, -0.17, 0.93)",Correct
166793.9723901,"(-0.03, 1.73, -4.06)","(0.33, -0.17, 0.93)",Correct
166793.9830869,"(-0.03, 1.73, -4.06)","(0.33, -0.17, 0.93)",Correct
166793.9945365,"(-0.03, 1.73, -4.06)","(0.33, -0.17, 0.93)",Correct
166794.0057091,"(-0.03, 1.73, -4.06)","(0.33, -0.17, 0.93)",Correct
166794.0165536,"(-0.03, 1.73, -4.06)","(0.33, -0.17, 0.93)",Correct
166794.027847,"(-0.03, 1.73, -4.06)","(0.33, -0.17, 0.93)",Correct
166794.0384795,"(-0.03, 1.73, -4.06)","(0.33, -0.17, 0.93)",Correct
166794.0502817,"(-0.03, 1.73, -4.06)","(0.33, -0.17, 0.93)",Correct
166794.0610146,"(-0.03, 1.73, -4.06)","(0.33, -0.17, 0.93)",Correct
166794.072942,"(-0.03, 1.73, -4.06)","(0.33, -0.17, 0.93)",Correct
166794.0833715,"(-0.03, 1.73, -4.06)","(0.33, -0.17, 0.93)",Correct
166794.0946031,"(-0.03, 1.73, -4.06)","(0.32, -0.17, 0.93)",Correct
166794.1057349,"(-0.03, 1.73, -4.06)","(0.32, -0.17, 0.93)",Correct
166794.1165803,"(-0.03, 1.73, -4.06)","(0.32, -0.17, 0.93)",Correct
166794.1278671,"(-0.03, 1.73, -4.06)","(0.32, -0.17, 0.93)",Correct
166794.1391554,"(-0.03, 1.73, -4.06)","(0.32, -0.17, 0.93)",Correct
166794.1505363,"(-0.03, 1.73, -4.06)","(0.32, -0.17, 0.93)",Correct
166794.1607485,"(-0.03, 1.73, -4.06)","(0.31, -0.17, 0.94)",Correct
166794.172571,"(-0.03, 1.73, -4.06)","(0.31, -0.17, 0.94)",Correct
166794.1835952,"(-0.03, 1.73, -4.06)","(0.31, -0.16, 0.94)",Correct
166794.1944557,"(-0.03, 1.73, -4.06)","(0.31, -0.16, 0.94)",Correct
166794.206034,"(-0.03, 1.73, -4.06)","(0.31, -0.16, 0.94)",Correct
166794.2168015,"(-0.03, 1.73, -4.06)","(0.30, -0.16, 0.94)",Correct
166794.2282458,"(-0.03, 1.73, -4.06)","(0.30, -0.16, 0.94)",Correct
166794.2391327,"(-0.03, 1.73, -4.06)","(0.30, -0.16, 0.94)",Correct
166794.2504803,"(-0.03, 1.73, -4.06)","(0.30, -0.16, 0.94)",Correct
166794.2612992,"(-0.03, 1.73, -4.06)","(0.30, -0.16, 0.94)",Correct
166794.2725169,"(-0.02, 1.73, -4.06)","(0.30, -0.16, 0.94)",Correct
166794.2837168,"(-0.02, 1.73, -4.06)","(0.30, -0.16, 0.94)",Correct
166794.2952523,"(-0.02, 1.73, -4.06)","(0.30, -0.16, 0.94)",Correct
166794.3060763,"(-0.02, 1.73, -4.06)","(0.30, -0.15, 0.94)",Correct
166794.3153797,"(-0.02, 1.73, -4.06)","(0.30, -0.15, 0.94)",Correct
166794.3274574,"(-0.02, 1.73, -4.06)","(0.31, -0.15, 0.94)",Correct
166794.3381099,"(-0.02, 1.73, -4.06)","(0.31, -0.15, 0.94)",Correct
166794.3492135,"(-0.02, 1.73, -4.06)","(0.31, -0.15, 0.94)",Correct
166794.3596655,"(-0.02, 1.73, -4.06)","(0.31, -0.15, 0.94)",Correct
166794.371213,"(-0.02, 1.73, -4.06)","(0.31, -0.15, 0.94)",Correct
166794.3824885,"(-0.02, 1.73, -4.06)","(0.31, -0.15, 0.94)",Correct
166794.3937276,"(-0.02, 1.73, -4.06)","(0.31, -0.16, 0.94)",Correct
166794.4039782,"(-0.02, 1.73, -4.06)","(0.31, -0.16, 0.94)",Correct
166794.4159352,"(-0.02, 1.73, -4.06)","(0.31, -0.16, 0.94)",Correct
166794.4269739,"(-0.02, 1.73, -4.06)","(0.31, -0.16, 0.94)",Correct
166794.438128,"(-0.02, 1.73, -4.06)","(0.31, -0.16, 0.94)",Correct
166794.4500157,"(-0.02, 1.73, -4.06)","(0.31, -0.16, 0.94)",Correct
166794.4605174,"(-0.02, 1.73, -4.06)","(0.31, -0.16, 0.94)",Correct
166794.4719021,"(-0.02, 1.73, -4.06)","(0.31, -0.17, 0.94)",Correct
166794.4833922,"(-0.02, 1.73, -4.06)","(0.31, -0.17, 0.94)",Correct
166794.4941622,"(-0.03, 1.73, -4.06)","(0.30, -0.17, 0.94)",Correct
166794.5048325,"(-0.03, 1.73, -4.06)","(0.30, -0.16, 0.94)",Correct
166794.5157129,"(-0.03, 1.73, -4.06)","(0.30, -0.16, 0.94)",Correct
166794.5271268,"(-0.03, 1.73, -4.06)","(0.30, -0.16, 0.94)",Correct
166794.5380851,"(-0.03, 1.73, -4.06)","(0.30, -0.16, 0.94)",Correct
166794.5502036,"(-0.03, 1.73, -4.06)","(0.30, -0.16, 0.94)",Correct
166794.5603849,"(-0.03, 1.73, -4.06)","(0.30, -0.16, 0.94)",Correct
166794.5720773,"(-0.03, 1.73, -4.06)","(0.30, -0.16, 0.94)",Correct
166794.5826337,"(-0.03, 1.73, -4.06)","(0.30, -0.16, 0.94)",Correct
166794.5933251,"(-0.03, 1.73, -4.06)","(0.30, -0.16, 0.94)",Correct
166794.6042721,"(-0.03, 1.73, -4.06)","(0.30, -0.16, 0.94)",Correct
166794.6164254,"(-0.03, 1.73, -4.06)","(0.30, -0.16, 0.94)",Correct
166794.6269421,"(-0.03, 1.73, -4.06)","(0.30, -0.16, 0.94)",Correct
166794.6378712,"(-0.03, 1.73, -4.06)","(0.30, -0.16, 0.94)",Correct
166794.6495993,"(-0.03, 1.73, -4.06)","(0.30, -0.16, 0.94)",Correct
166794.6600038,"(-0.03, 1.73, -4.06)","(0.30, -0.17, 0.94)",Correct
166794.6718194,"(-0.03, 1.73, -4.06)","(0.30, -0.17, 0.94)",Correct
166794.6828329,"(-0.03, 1.73, -4.06)","(0.30, -0.17, 0.94)",Correct
166794.6941304,"(-0.03, 1.73, -4.06)","(0.30, -0.17, 0.94)",Correct
166794.7047679,"(-0.03, 1.73, -4.06)","(0.30, -0.17, 0.94)",Correct
166794.7159889,"(-0.03, 1.73, -4.06)","(0.30, -0.17, 0.94)",Correct
166794.7273341,"(-0.03, 1.73, -4.06)","(0.30, -0.17, 0.94)",Correct
166794.7380824,"(-0.03, 1.73, -4.06)","(0.30, -0.17, 0.94)",Correct
166794.75123,"(-0.03, 1.73, -4.06)","(0.30, -0.17, 0.94)",Correct
166794.7604831,"(-0.03, 1.73, -4.06)","(0.30, -0.17, 0.94)",Correct
166794.7727193,"(-0.03, 1.73, -4.06)","(0.30, -0.17, 0.94)",Correct
166794.7826535,"(-0.03, 1.73, -4.06)","(0.30, -0.17, 0.94)",Correct
166794.7937168,"(-0.03, 1.73, -4.06)","(0.29, -0.17, 0.94)",Correct
166794.8054247,"(-0.03, 1.73, -4.06)","(0.30, -0.17, 0.94)",Correct
166794.8158668,"(-0.03, 1.73, -4.06)","(0.29, -0.17, 0.94)",Correct
166794.8265892,"(-0.03, 1.73, -4.06)","(0.29, -0.17, 0.94)",Correct
166794.837492,"(-0.03, 1.73, -4.06)","(0.30, -0.17, 0.94)",Correct
166794.8493827,"(-0.03, 1.73, -4.06)","(0.30, -0.17, 0.94)",Correct
166794.8597521,"(-0.03, 1.73, -4.06)","(0.30, -0.17, 0.94)",Correct
166794.8717935,"(-0.03, 1.73, -4.06)","(0.30, -0.17, 0.94)",Correct
166794.8837468,"(-0.03, 1.73, -4.06)","(0.30, -0.17, 0.94)",Correct
166794.8940424,"(-0.03, 1.73, -4.06)","(0.30, -0.17, 0.94)",Correct
166794.9059001,"(-0.03, 1.73, -4.06)","(0.30, -0.17, 0.94)",Correct
166794.9158486,"(-0.03, 1.73, -4.06)","(0.30, -0.17, 0.94)",Correct
166794.9266759,"(-0.03, 1.73, -4.06)","(0.30, -0.17, 0.94)",Correct
166794.9372563,"(-0.03, 1.73, -4.06)","(0.30, -0.17, 0.94)",Correct
166794.9500274,"(-0.03, 1.73, -4.06)","(0.30, -0.17, 0.94)",Correct
166794.9600468,"(-0.03, 1.73, -4.06)","(0.30, -0.17, 0.94)",Correct
166794.9713328,"(-0.03, 1.73, -4.06)","(0.30, -0.17, 0.94)",Correct
166794.9823134,"(-0.03, 1.73, -4.06)","(0.30, -0.17, 0.94)",Correct
166794.9932935,"(-0.03, 1.73, -4.06)","(0.30, -0.17, 0.94)",Correct
166795.0047725,"(-0.03, 1.73, -4.06)","(0.30, -0.17, 0.94)",Correct
166795.0057679,,,,Distractor: Alarms
166795.005825,,,,Sound Effect: Alarms
166795.0157577,"(-0.03, 1.73, -4.06)","(0.30, -0.17, 0.94)",Correct
166795.0267676,"(-0.03, 1.73, -4.06)","(0.30, -0.17, 0.94)",Correct
166795.0377786,"(-0.03, 1.73, -4.06)","(0.30, -0.17, 0.94)",Correct
166795.0501659,"(-0.03, 1.73, -4.06)","(0.30, -0.17, 0.94)",Correct
166795.0599216,"(-0.03, 1.73, -4.06)","(0.30, -0.17, 0.94)",Correct
166795.0713468,"(-0.03, 1.73, -4.06)","(0.30, -0.17, 0.94)",Correct
166795.0835196,"(-0.03, 1.73, -4.06)","(0.30, -0.17, 0.94)",Correct
166795.0943443,"(-0.03, 1.73, -4.06)","(0.30, -0.17, 0.94)",Correct
166795.1042308,"(-0.03, 1.73, -4.06)","(0.30, -0.17, 0.94)",Correct
166795.1159332,"(-0.03, 1.73, -4.06)","(0.30, -0.17, 0.94)",Correct
166795.1267615,"(-0.03, 1.73, -4.06)","(0.30, -0.17, 0.94)",Correct
166795.1376877,"(-0.03, 1.73, -4.06)","(0.30, -0.17, 0.94)",Correct
166795.1493564,"(-0.03, 1.73, -4.06)","(0.30, -0.17, 0.94)",Correct
166795.1603706,"(-0.03, 1.73, -4.06)","(0.30, -0.17, 0.94)",Correct
166795.1715061,"(-0.03, 1.73, -4.06)","(0.30, -0.17, 0.94)",Correct
166795.1829716,"(-0.03, 1.73, -4.06)","(0.30, -0.17, 0.94)",Correct
166795.1941749,"(-0.03, 1.73, -4.06)","(0.30, -0.17, 0.94)",Correct
166795.2057364,"(-0.03, 1.73, -4.06)","(0.30, -0.17, 0.94)",Correct
166795.2169,"(-0.03, 1.73, -4.06)","(0.30, -0.17, 0.94)",Correct
166795.2271954,"(-0.03, 1.73, -4.06)","(0.30, -0.17, 0.94)",Correct
166795.2394165,"(-0.03, 1.73, -4.06)","(0.30, -0.17, 0.94)",Correct
166795.249561,"(-0.03, 1.73, -4.06)","(0.30, -0.17, 0.94)",Correct
166795.2601992,"(-0.03, 1.73, -4.06)","(0.30, -0.17, 0.94)",Correct
166795.2718696,"(-0.03, 1.73, -4.06)","(0.30, -0.17, 0.94)",Correct
166795.2829441,"(-0.03, 1.73, -4.06)","(0.30, -0.17, 0.94)",Correct
166795.2941381,"(-0.03, 1.73, -4.06)","(0.30, -0.17, 0.94)",Correct
166795.3053544,"(-0.03, 1.73, -4.06)","(0.30, -0.17, 0.94)",Correct
166795.31605,"(-0.03, 1.73, -4.06)","(0.30, -0.17, 0.94)",Correct
166795.3272443,"(-0.03, 1.73, -4.06)","(0.30, -0.17, 0.94)",Correct
166795.3381166,"(-0.03, 1.73, -4.06)","(0.30, -0.16, 0.94)",Correct
166795.3496384,"(-0.03, 1.73, -4.06)","(0.29, -0.16, 0.94)",Correct
166795.3604527,"(-0.03, 1.73, -4.06)","(0.29, -0.16, 0.94)",Correct
166795.3720134,"(-0.03, 1.73, -4.06)","(0.29, -0.16, 0.94)",Correct
166795.383044,"(-0.03, 1.73, -4.06)","(0.29, -0.16, 0.94)",Correct
166795.394259,"(-0.03, 1.73, -4.06)","(0.29, -0.16, 0.94)",Correct
166795.4054407,"(-0.03, 1.73, -4.06)","(0.29, -0.15, 0.95)",Correct
166795.4164281,"(-0.03, 1.73, -4.06)","(0.29, -0.15, 0.95)",Correct
166795.4275663,"(-0.03, 1.73, -4.06)","(0.28, -0.15, 0.95)",Correct
166795.4388403,"(-0.03, 1.73, -4.06)","(0.28, -0.15, 0.95)",Correct
166795.4501031,"(-0.03, 1.73, -4.06)","(0.28, -0.15, 0.95)",Correct
166795.460516,"(-0.03, 1.73, -4.06)","(0.28, -0.15, 0.95)",Correct
166795.4723667,"(-0.03, 1.73, -4.06)","(0.28, -0.15, 0.95)",Correct
166795.4834139,"(-0.03, 1.73, -4.06)","(0.28, -0.15, 0.95)",Correct
166795.4977288,"(-0.03, 1.73, -4.06)","(0.28, -0.15, 0.95)",Correct
166795.5088927,"(-0.03, 1.73, -4.06)","(0.28, -0.14, 0.95)",Correct
166795.5158215,"(-0.03, 1.73, -4.06)","(0.27, -0.14, 0.95)",Correct
166795.5275549,"(-0.03, 1.73, -4.06)","(0.27, -0.14, 0.95)",Correct
166795.5378067,"(-0.03, 1.73, -4.06)","(0.27, -0.15, 0.95)",Correct
166795.5496207,"(-0.03, 1.73, -4.06)","(0.27, -0.15, 0.95)",Correct
166795.5599706,"(-0.03, 1.73, -4.06)","(0.27, -0.15, 0.95)",Correct
166795.5714138,"(-0.03, 1.73, -4.06)","(0.27, -0.15, 0.95)",Correct
166795.5835759,"(-0.03, 1.73, -4.06)","(0.27, -0.15, 0.95)",Correct
166795.5966504,"(-0.03, 1.73, -4.06)","(0.26, -0.15, 0.95)",Correct
166795.6072013,"(-0.03, 1.73, -4.06)","(0.26, -0.15, 0.95)",Correct
166795.6157073,"(-0.03, 1.73, -4.06)","(0.26, -0.15, 0.95)",Correct
166795.6269173,"(-0.03, 1.73, -4.06)","(0.26, -0.15, 0.95)",Correct
166795.6376497,"(-0.03, 1.73, -4.06)","(0.26, -0.15, 0.96)",Correct
166795.6494559,"(-0.03, 1.73, -4.06)","(0.25, -0.15, 0.96)",Correct
166795.6598845,"(-0.03, 1.73, -4.06)","(0.25, -0.15, 0.96)",Correct
166795.6718604,"(-0.03, 1.73, -4.06)","(0.25, -0.15, 0.96)",Correct
166795.6829697,"(-0.03, 1.73, -4.06)","(0.25, -0.15, 0.96)",Correct
166795.6964288,"(-0.03, 1.73, -4.06)","(0.24, -0.15, 0.96)",Correct
166795.7077983,"(-0.03, 1.73, -4.06)","(0.24, -0.15, 0.96)",Correct
166795.7160221,"(-0.03, 1.73, -4.06)","(0.24, -0.15, 0.96)",Correct
166795.7262919,"(-0.03, 1.73, -4.06)","(0.24, -0.15, 0.96)",Correct
166795.7370924,"(-0.03, 1.73, -4.06)","(0.23, -0.15, 0.96)",Correct
166795.7493122,"(-0.03, 1.73, -4.06)","(0.23, -0.15, 0.96)",Correct
166795.7593268,"(-0.03, 1.73, -4.06)","(0.23, -0.15, 0.96)",Correct
166795.7707585,"(-0.03, 1.73, -4.06)","(0.23, -0.15, 0.96)",Correct
166795.7826409,"(-0.03, 1.73, -4.06)","(0.22, -0.15, 0.96)",Correct
166795.7930133,"(-0.03, 1.73, -4.06)","(0.22, -0.15, 0.96)",Correct
166795.8046806,"(-0.03, 1.73, -4.06)","(0.22, -0.15, 0.96)",Correct
166795.8154205,"(-0.03, 1.73, -4.06)","(0.21, -0.15, 0.96)",Correct
166795.8268602,"(-0.03, 1.73, -4.06)","(0.21, -0.15, 0.97)",Correct
166795.8378227,"(-0.03, 1.73, -4.06)","(0.20, -0.15, 0.97)",Correct
166795.849487,"(-0.03, 1.73, -4.06)","(0.20, -0.15, 0.97)",Correct
166795.8602733,"(-0.03, 1.73, -4.06)","(0.19, -0.15, 0.97)",Correct
166795.8716087,"(-0.03, 1.73, -4.06)","(0.19, -0.15, 0.97)",Correct
166795.8828208,"(-0.03, 1.73, -4.06)","(0.18, -0.15, 0.97)",Correct
166795.8939149,"(-0.03, 1.73, -4.06)","(0.17, -0.14, 0.97)",Correct
166795.9050403,"(-0.03, 1.73, -4.06)","(0.16, -0.14, 0.98)",Correct
166795.9164081,"(-0.03, 1.73, -4.06)","(0.15, -0.14, 0.98)",Correct
166795.9274604,"(-0.03, 1.73, -4.06)","(0.14, -0.14, 0.98)",Correct
166795.9387344,"(-0.03, 1.73, -4.06)","(0.13, -0.14, 0.98)",Correct
166795.9515805,"(-0.03, 1.73, -4.06)","(0.12, -0.14, 0.98)",Correct
166795.9606836,"(-0.03, 1.73, -4.06)","(0.12, -0.15, 0.98)",Correct
166795.9720523,"(-0.03, 1.73, -4.06)","(0.09, -0.15, 0.99)",Incorrect
166795.983305,"(-0.04, 1.73, -4.06)","(0.06, -0.14, 0.99)",Incorrect
166795.9940388,"(-0.04, 1.73, -4.06)","(0.04, -0.14, 0.99)",Incorrect
166796.0060936,"(-0.04, 1.73, -4.06)","(0.02, -0.14, 0.99)",Incorrect
166796.0159733,"(-0.04, 1.73, -4.06)","(0.00, -0.14, 0.99)",Incorrect
166796.0274547,"(-0.04, 1.73, -4.06)","(-0.01, -0.14, 0.99)",Incorrect
166796.0385517,"(-0.04, 1.73, -4.06)","(-0.02, -0.14, 0.99)",Incorrect
166796.0521134,"(-0.04, 1.73, -4.06)","(-0.03, -0.14, 0.99)",Incorrect
166796.061732,"(-0.04, 1.73, -4.06)","(-0.04, -0.14, 0.99)",Incorrect
166796.070667,"(-0.04, 1.73, -4.06)","(-0.04, -0.14, 0.99)",Incorrect
166796.0826076,"(-0.04, 1.73, -4.06)","(-0.05, -0.13, 0.99)",Incorrect
166796.0937644,"(-0.04, 1.73, -4.06)","(-0.06, -0.13, 0.99)",Incorrect
166796.1041652,"(-0.04, 1.73, -4.06)","(-0.06, -0.13, 0.99)",Incorrect
166796.1159666,"(-0.04, 1.73, -4.06)","(-0.07, -0.13, 0.99)",Incorrect
166796.1270801,"(-0.04, 1.73, -4.06)","(-0.07, -0.13, 0.99)",Correct
166796.1388676,"(-0.04, 1.73, -4.06)","(-0.08, -0.13, 0.99)",Correct
166796.1496297,"(-0.05, 1.73, -4.06)","(-0.08, -0.13, 0.99)",Correct
166796.1599194,"(-0.05, 1.73, -4.06)","(-0.09, -0.13, 0.99)",Correct
166796.1727521,"(-0.05, 1.73, -4.06)","(-0.09, -0.13, 0.99)",Correct
166796.1834845,"(-0.05, 1.73, -4.06)","(-0.10, -0.13, 0.99)",Correct
166796.1942714,"(-0.05, 1.73, -4.06)","(-0.10, -0.13, 0.99)",Correct
166796.205737,"(-0.05, 1.73, -4.06)","(-0.10, -0.13, 0.99)",Correct
166796.21686,"(-0.05, 1.73, -4.06)","(-0.11, -0.13, 0.99)",Correct
166796.2278806,"(-0.05, 1.73, -4.06)","(-0.11, -0.13, 0.99)",Correct
166796.2389158,"(-0.05, 1.73, -4.06)","(-0.11, -0.13, 0.99)",Correct
166796.2501268,"(-0.05, 1.73, -4.06)","(-0.11, -0.13, 0.99)",Correct
166796.2607737,"(-0.05, 1.73, -4.06)","(-0.11, -0.13, 0.99)",Correct
166796.2724091,"(-0.05, 1.73, -4.06)","(-0.11, -0.13, 0.99)",Correct
166796.2843186,"(-0.05, 1.73, -4.06)","(-0.12, -0.12, 0.99)",Correct
166796.2945389,"(-0.05, 1.73, -4.06)","(-0.12, -0.13, 0.98)",Correct
166796.3056462,"(-0.05, 1.73, -4.06)","(-0.12, -0.13, 0.98)",Correct
166796.315892,"(-0.05, 1.73, -4.06)","(-0.12, -0.13, 0.98)",Correct
166796.3272607,"(-0.05, 1.73, -4.06)","(-0.12, -0.13, 0.98)",Correct
166796.3382709,"(-0.05, 1.73, -4.06)","(-0.13, -0.13, 0.98)",Correct
166796.3500136,"(-0.05, 1.73, -4.06)","(-0.13, -0.13, 0.98)",Correct
166796.3600256,"(-0.05, 1.73, -4.06)","(-0.13, -0.13, 0.98)",Correct
166796.3750786,"(-0.05, 1.73, -4.06)","(-0.13, -0.13, 0.98)",Correct
166796.3841808,"(-0.05, 1.73, -4.06)","(-0.13, -0.13, 0.98)",Correct
166796.3929413,"(-0.05, 1.73, -4.06)","(-0.14, -0.13, 0.98)",Correct
166796.4037428,"(-0.06, 1.73, -4.06)","(-0.14, -0.13, 0.98)",Correct
166796.4158465,"(-0.06, 1.73, -4.06)","(-0.14, -0.13, 0.98)",Correct
166796.4259499,"(-0.06, 1.73, -4.06)","(-0.14, -0.13, 0.98)",Correct
166796.4368962,"(-0.06, 1.73, -4.06)","(-0.14, -0.13, 0.98)",Correct
166796.4488666,"(-0.06, 1.73, -4.06)","(-0.14, -0.13, 0.98)",NULL
166796.4588318,"(-0.06, 1.73, -4.06)","(-0.15, -0.13, 0.98)",NULL
166796.4708728,"(-0.06, 1.73, -4.06)","(-0.15, -0.13, 0.98)",NULL
166796.481317,"(-0.06, 1.73, -4.06)","(-0.15, -0.13, 0.98)",NULL
166796.4942253,"(-0.06, 1.73, -4.06)","(-0.15, -0.13, 0.98)",NULL
166796.5041652,"(-0.06, 1.73, -4.06)","(-0.15, -0.13, 0.98)",NULL
166796.5161238,"(-0.06, 1.73, -4.06)","(-0.15, -0.13, 0.98)",NULL
166796.5271867,"(-0.06, 1.73, -4.06)","(-0.16, -0.13, 0.98)",NULL
166796.5378031,"(-0.06, 1.73, -4.06)","(-0.16, -0.13, 0.98)",NULL
166796.5494158,"(-0.06, 1.73, -4.06)","(-0.16, -0.13, 0.98)",NULL
166796.5597126,"(-0.06, 1.73, -4.06)","(-0.16, -0.13, 0.98)",NULL
166796.5712326,"(-0.06, 1.73, -4.06)","(-0.16, -0.13, 0.98)",NULL
166796.5824424,"(-0.06, 1.73, -4.06)","(-0.16, -0.13, 0.98)",NULL
166796.594186,"(-0.06, 1.73, -4.06)","(-0.16, -0.13, 0.98)",NULL
166796.6052446,"(-0.06, 1.73, -4.06)","(-0.17, -0.13, 0.98)",NULL
166796.6160694,"(-0.06, 1.73, -4.06)","(-0.17, -0.13, 0.98)",NULL
166796.6271194,"(-0.06, 1.73, -4.06)","(-0.17, -0.13, 0.98)",NULL
166796.6380279,"(-0.06, 1.73, -4.06)","(-0.17, -0.13, 0.98)",NULL
166796.6508878,"(-0.06, 1.73, -4.06)","(-0.17, -0.13, 0.98)",NULL
166796.6604796,"(-0.06, 1.73, -4.06)","(-0.17, -0.13, 0.98)",NULL
166796.6747106,"(-0.06, 1.73, -4.06)","(-0.17, -0.13, 0.98)",NULL
166796.6829618,"(-0.06, 1.73, -4.06)","(-0.17, -0.13, 0.98)",NULL
166796.6935279,"(-0.06, 1.73, -4.06)","(-0.17, -0.13, 0.98)",NULL
166796.7039071,"(-0.06, 1.73, -4.06)","(-0.17, -0.13, 0.98)",NULL
166796.7157903,"(-0.06, 1.73, -4.06)","(-0.17, -0.13, 0.98)",NULL
166796.726608,"(-0.06, 1.73, -4.06)","(-0.18, -0.13, 0.98)",NULL
166796.7376305,"(-0.06, 1.73, -4.06)","(-0.18, -0.13, 0.98)",NULL
166796.7493008,"(-0.06, 1.73, -4.06)","(-0.18, -0.13, 0.98)",NULL
166796.7602118,"(-0.06, 1.73, -4.06)","(-0.18, -0.13, 0.98)",NULL
166796.7708002,"(-0.06, 1.73, -4.06)","(-0.18, -0.13, 0.98)",NULL
166796.7832119,"(-0.06, 1.73, -4.06)","(-0.18, -0.13, 0.98)",NULL
166796.7940223,"(-0.06, 1.73, -4.06)","(-0.18, -0.13, 0.98)",NULL
166796.8083066,"(-0.06, 1.73, -4.06)","(-0.18, -0.13, 0.98)",NULL
166796.8170855,"(-0.06, 1.73, -4.06)","(-0.18, -0.13, 0.98)",NULL
166796.8253796,"(-0.06, 1.73, -4.06)","(-0.18, -0.13, 0.98)",NULL
166796.8354191,"(-0.06, 1.73, -4.06)","(-0.18, -0.13, 0.98)",NULL
166796.8467277,"(-0.06, 1.73, -4.06)","(-0.18, -0.13, 0.97)",NULL
166796.8578631,"(-0.06, 1.73, -4.06)","(-0.18, -0.13, 0.97)",NULL
166796.8696815,"(-0.06, 1.73, -4.06)","(-0.18, -0.13, 0.97)",NULL
166796.8802303,"(-0.06, 1.73, -4.06)","(-0.18, -0.13, 0.97)",NULL
166796.8911778,"(-0.06, 1.73, -4.06)","(-0.18, -0.13, 0.97)",NULL
166796.9015768,"(-0.06, 1.73, -4.06)","(-0.18, -0.13, 0.97)",NULL
166796.9131178,"(-0.06, 1.73, -4.06)","(-0.18, -0.13, 0.97)",NULL
166796.9258983,"(-0.06, 1.73, -4.06)","(-0.18, -0.13, 0.97)",NULL
166796.9353823,"(-0.06, 1.73, -4.06)","(-0.18, -0.13, 0.97)",NULL
166796.9475115,"(-0.06, 1.73, -4.06)","(-0.18, -0.13, 0.97)",NULL
166796.958631,"(-0.06, 1.73, -4.06)","(-0.18, -0.13, 0.97)",NULL
166796.9692244,"(-0.06, 1.73, -4.06)","(-0.19, -0.13, 0.97)",NULL
166796.9802165,"(-0.06, 1.73, -4.06)","(-0.19, -0.13, 0.97)",NULL
166796.9920673,"(-0.06, 1.73, -4.06)","(-0.19, -0.13, 0.97)",NULL
166797.0023827,"(-0.06, 1.73, -4.06)","(-0.19, -0.13, 0.97)",NULL
166797.0148471,"(-0.06, 1.73, -4.06)","(-0.19, -0.13, 0.97)",NULL
166797.0249856,"(-0.06, 1.73, -4.06)","(-0.19, -0.13, 0.97)",NULL
166797.0365348,"(-0.06, 1.73, -4.06)","(-0.19, -0.13, 0.97)",NULL
166797.0481722,"(-0.06, 1.73, -4.06)","(-0.19, -0.13, 0.97)",NULL
166797.0588923,"(-0.06, 1.73, -4.06)","(-0.19, -0.14, 0.97)",NULL
166797.0700922,"(-0.06, 1.73, -4.06)","(-0.19, -0.14, 0.97)",NULL
166797.0822419,"(-0.06, 1.73, -4.06)","(-0.19, -0.14, 0.97)",NULL
166797.092665,"(-0.06, 1.73, -4.06)","(-0.19, -0.14, 0.97)",NULL
166797.1030598,"(-0.06, 1.73, -4.06)","(-0.19, -0.14, 0.97)",NULL
166797.1149723,"(-0.06, 1.73, -4.06)","(-0.19, -0.14, 0.97)",NULL
166797.1260114,"(-0.06, 1.73, -4.06)","(-0.19, -0.14, 0.97)",NULL
166797.1374232,"(-0.06, 1.73, -4.06)","(-0.19, -0.14, 0.97)",NULL
166797.148734,"(-0.06, 1.73, -4.06)","(-0.19, -0.14, 0.97)",NULL
166797.1603027,"(-0.06, 1.73, -4.06)","(-0.19, -0.14, 0.97)",NULL
166797.1708536,"(-0.06, 1.73, -4.06)","(-0.19, -0.14, 0.97)",NULL
166797.1820638,"(-0.06, 1.73, -4.06)","(-0.19, -0.14, 0.97)",NULL
166797.1933815,"(-0.06, 1.73, -4.06)","(-0.19, -0.14, 0.97)",NULL
166797.2039166,"(-0.06, 1.73, -4.06)","(-0.19, -0.14, 0.97)",NULL
166797.2152635,"(-0.06, 1.73, -4.06)","(-0.20, -0.14, 0.97)",NULL
166797.226614,"(-0.06, 1.73, -4.06)","(-0.20, -0.14, 0.97)",NULL
166797.2393094,"(-0.06, 1.73, -4.06)","(-0.20, -0.14, 0.97)",NULL
166797.2495086,"(-0.06, 1.73, -4.06)","(-0.20, -0.14, 0.97)",NULL
166797.258897,"(-0.06, 1.73, -4.06)","(-0.20, -0.14, 0.97)",NULL
166797.2702117,"(-0.06, 1.73, -4.06)","(-0.20, -0.14, 0.97)",NULL
166797.2821634,"(-0.06, 1.73, -4.06)","(-0.20, -0.14, 0.97)",NULL
166797.2923332,"(-0.06, 1.73, -4.06)","(-0.20, -0.14, 0.97)",NULL
166797.3027784,"(-0.06, 1.73, -4.06)","(-0.20, -0.14, 0.97)",NULL
166797.3146446,"(-0.06, 1.73, -4.06)","(-0.20, -0.14, 0.97)",NULL
166797.3253181,"(-0.06, 1.73, -4.06)","(-0.20, -0.14, 0.97)",NULL
166797.3360269,"(-0.06, 1.73, -4.06)","(-0.20, -0.14, 0.97)",NULL
166797.3477423,"(-0.06, 1.73, -4.06)","(-0.20, -0.14, 0.97)",NULL
166797.359298,"(-0.06, 1.73, -4.06)","(-0.20, -0.14, 0.97)",NULL
166797.3699999,"(-0.06, 1.73, -4.06)","(-0.20, -0.14, 0.97)",NULL
166797.3812486,"(-0.06, 1.73, -4.06)","(-0.20, -0.14, 0.97)",NULL
166797.3931191,"(-0.06, 1.73, -4.06)","(-0.20, -0.14, 0.97)",NULL
166797.4038283,"(-0.06, 1.73, -4.06)","(-0.20, -0.14, 0.97)",NULL
166797.4150495,"(-0.06, 1.73, -4.06)","(-0.20, -0.14, 0.97)",NULL
166797.4260051,"(-0.06, 1.73, -4.06)","(-0.20, -0.14, 0.97)",NULL
166797.436742,"(-0.06, 1.73, -4.06)","(-0.20, -0.14, 0.97)",NULL
166797.4487471,"(-0.06, 1.73, -4.06)","(-0.20, -0.14, 0.97)",NULL
166797.4592695,"(-0.06, 1.73, -4.06)","(-0.20, -0.14, 0.97)",NULL
166797.4708757,"(-0.06, 1.73, -4.06)","(-0.20, -0.14, 0.97)",NULL
166797.4815339,"(-0.06, 1.73, -4.06)","(-0.20, -0.14, 0.97)",NULL
166797.4930706,"(-0.06, 1.73, -4.06)","(-0.20, -0.14, 0.97)",NULL
166797.5040482,"(-0.06, 1.73, -4.06)","(-0.20, -0.14, 0.97)",NULL
166797.5155943,"(-0.06, 1.73, -4.06)","(-0.20, -0.14, 0.97)",NULL
166797.5264193,"(-0.06, 1.73, -4.06)","(-0.20, -0.14, 0.97)",NULL
166797.5373707,"(-0.06, 1.73, -4.06)","(-0.20, -0.14, 0.97)",NULL
166797.5494034,"(-0.06, 1.73, -4.06)","(-0.20, -0.14, 0.97)",NULL
166797.5596402,"(-0.06, 1.73, -4.06)","(-0.20, -0.14, 0.97)",NULL
166797.5708734,"(-0.06, 1.73, -4.06)","(-0.20, -0.14, 0.97)",NULL
166797.5823561,"(-0.06, 1.73, -4.06)","(-0.20, -0.14, 0.97)",NULL
166797.5935526,"(-0.06, 1.73, -4.06)","(-0.20, -0.15, 0.97)",NULL
166797.604082,"(-0.06, 1.73, -4.06)","(-0.20, -0.15, 0.97)",NULL
166797.6158599,"(-0.06, 1.73, -4.06)","(-0.20, -0.15, 0.97)",NULL
166797.6272529,"(-0.06, 1.73, -4.06)","(-0.20, -0.15, 0.97)",NULL
166797.6375278,"(-0.06, 1.73, -4.06)","(-0.20, -0.15, 0.97)",NULL
166797.6489675,"(-0.06, 1.73, -4.06)","(-0.20, -0.15, 0.97)",NULL
166797.6596281,"(-0.06, 1.73, -4.06)","(-0.20, -0.15, 0.97)",NULL
166797.6705312,"(-0.06, 1.73, -4.06)","(-0.20, -0.15, 0.97)",NULL
166797.6816064,"(-0.06, 1.73, -4.06)","(-0.20, -0.15, 0.97)",NULL
166797.6932461,"(-0.06, 1.73, -4.06)","(-0.20, -0.15, 0.97)",NULL
166797.7039773,"(-0.06, 1.73, -4.06)","(-0.20, -0.15, 0.97)",NULL
166797.715338,"(-0.06, 1.73, -4.06)","(-0.20, -0.15, 0.97)",NULL
166797.7262736,"(-0.06, 1.73, -4.06)","(-0.20, -0.15, 0.97)",NULL
166797.7369057,"(-0.06, 1.73, -4.06)","(-0.20, -0.15, 0.97)",NULL
166797.7487321,"(-0.06, 1.73, -4.06)","(-0.20, -0.14, 0.97)",NULL
166797.7596221,"(-0.06, 1.73, -4.06)","(-0.20, -0.14, 0.97)",NULL
166797.7710818,"(-0.06, 1.73, -4.06)","(-0.20, -0.14, 0.97)",NULL
166797.7826092,"(-0.06, 1.73, -4.06)","(-0.20, -0.14, 0.97)",NULL
166797.7934063,"(-0.06, 1.73, -4.06)","(-0.20, -0.14, 0.97)",NULL
166797.8056364,"(-0.06, 1.73, -4.06)","(-0.20, -0.14, 0.97)",NULL
166797.8155961,"(-0.06, 1.73, -4.06)","(-0.21, -0.15, 0.97)",NULL
166797.8263413,"(-0.06, 1.73, -4.06)","(-0.21, -0.15, 0.97)",NULL
166797.8371553,"(-0.06, 1.73, -4.06)","(-0.21, -0.15, 0.97)",NULL
166797.8486309,"(-0.06, 1.73, -4.06)","(-0.21, -0.15, 0.97)",NULL
166797.859686,"(-0.06, 1.73, -4.06)","(-0.21, -0.16, 0.96)",NULL
166797.8706652,"(-0.06, 1.73, -4.06)","(-0.21, -0.16, 0.96)",NULL
166797.8817582,"(-0.06, 1.73, -4.06)","(-0.21, -0.16, 0.96)",NULL
166797.8935763,"(-0.06, 1.73, -4.05)","(-0.21, -0.16, 0.96)",NULL
166797.903972,"(-0.06, 1.73, -4.05)","(-0.21, -0.16, 0.96)",NULL
166797.9156843,"(-0.06, 1.73, -4.05)","(-0.21, -0.16, 0.96)",NULL
166797.9264372,"(-0.06, 1.73, -4.05)","(-0.21, -0.16, 0.97)",NULL
166797.9372902,"(-0.06, 1.73, -4.05)","(-0.20, -0.16, 0.97)",NULL
166797.949196,"(-0.06, 1.73, -4.05)","(-0.20, -0.16, 0.97)",NULL
166797.9596715,"(-0.06, 1.73, -4.06)","(-0.20, -0.16, 0.97)",NULL
166797.9709364,"(-0.06, 1.73, -4.06)","(-0.20, -0.16, 0.97)",NULL
166797.9819436,"(-0.06, 1.73, -4.06)","(-0.20, -0.16, 0.97)",NULL
166797.9931623,"(-0.06, 1.73, -4.06)","(-0.20, -0.15, 0.97)",NULL
166798.0040834,"(-0.05, 1.73, -4.06)","(-0.20, -0.15, 0.97)",NULL
166798.0156484,"(-0.05, 1.73, -4.06)","(-0.20, -0.15, 0.97)",NULL
166798.0264159,"(-0.05, 1.73, -4.06)","(-0.20, -0.15, 0.97)",NULL
166798.0372667,"(-0.05, 1.73, -4.06)","(-0.19, -0.15, 0.97)",NULL
166798.0499759,"(-0.05, 1.73, -4.06)","(-0.19, -0.15, 0.97)",NULL
166798.0501765,,,,End of Movement
166798.0599621,"(-0.05, 1.73, -4.06)","(-0.19, -0.14, 0.97)",NULL
166798.0707191,"(-0.05, 1.73, -4.06)","(-0.19, -0.14, 0.97)",NULL
166798.0818552,"(-0.05, 1.73, -4.06)","(-0.19, -0.14, 0.97)",NULL
166798.0933545,"(-0.05, 1.73, -4.06)","(-0.19, -0.14, 0.97)",NULL
166798.1046158,"(-0.05, 1.73, -4.06)","(-0.19, -0.14, 0.97)",NULL
166798.1159497,"(-0.05, 1.73, -4.06)","(-0.19, -0.13, 0.97)",NULL
166798.1264992,"(-0.05, 1.73, -4.06)","(-0.19, -0.13, 0.97)",NULL
166798.1375263,"(-0.05, 1.73, -4.06)","(-0.19, -0.13, 0.97)",NULL
166798.1490343,"(-0.05, 1.73, -4.06)","(-0.19, -0.13, 0.97)",NULL
166798.1599017,"(-0.05, 1.73, -4.06)","(-0.19, -0.13, 0.97)",NULL
166798.1710836,"(-0.05, 1.73, -4.06)","(-0.19, -0.13, 0.97)",NULL
166798.1823571,"(-0.05, 1.73, -4.06)","(-0.20, -0.13, 0.97)",NULL
166798.1942506,"(-0.05, 1.73, -4.06)","(-0.20, -0.13, 0.97)",NULL
166798.2059119,"(-0.05, 1.73, -4.06)","(-0.20, -0.14, 0.97)",NULL
166798.2165793,"(-0.05, 1.73, -4.06)","(-0.20, -0.14, 0.97)",NULL
166798.2269084,"(-0.05, 1.73, -4.06)","(-0.20, -0.14, 0.97)",NULL
166798.236981,"(-0.05, 1.73, -4.06)","(-0.20, -0.14, 0.97)",NULL
166798.2493915,"(-0.05, 1.73, -4.06)","(-0.20, -0.14, 0.97)",NULL
166798.2595129,"(-0.05, 1.73, -4.06)","(-0.20, -0.14, 0.97)",NULL
166798.2703951,"(-0.05, 1.73, -4.06)","(-0.20, -0.14, 0.97)",NULL
166798.2820651,"(-0.05, 1.73, -4.06)","(-0.20, -0.14, 0.97)",NULL
166798.2932418,"(-0.05, 1.73, -4.06)","(-0.19, -0.14, 0.97)",NULL
166798.304175,"(-0.05, 1.73, -4.06)","(-0.19, -0.14, 0.97)",NULL
166798.316312,"(-0.05, 1.73, -4.06)","(-0.19, -0.14, 0.97)",NULL
166798.3265285,"(-0.05, 1.73, -4.06)","(-0.19, -0.14, 0.97)",NULL
166798.3365321,"(-0.05, 1.73, -4.06)","(-0.20, -0.14, 0.97)",NULL
166798.3487256,"(-0.05, 1.73, -4.06)","(-0.20, -0.14, 0.97)",NULL
166798.359515,"(-0.05, 1.73, -4.06)","(-0.20, -0.14, 0.97)",NULL
166798.3706448,"(-0.05, 1.73, -4.06)","(-0.20, -0.15, 0.97)",NULL
166798.3819288,"(-0.05, 1.73, -4.06)","(-0.21, -0.15, 0.97)",NULL
166798.3933888,"(-0.05, 1.73, -4.06)","(-0.21, -0.15, 0.97)",NULL
166798.4043062,"(-0.05, 1.73, -4.06)","(-0.21, -0.15, 0.97)",NULL
166798.4153404,"(-0.05, 1.73, -4.06)","(-0.21, -0.15, 0.97)",NULL
166798.4265995,"(-0.05, 1.73, -4.06)","(-0.22, -0.14, 0.97)",NULL
166798.4401922,"(-0.05, 1.73, -4.06)","(-0.22, -0.14, 0.97)",NULL
166798.4505072,"(-0.05, 1.73, -4.06)","(-0.22, -0.14, 0.97)",NULL
166798.4594078,"(-0.05, 1.73, -4.06)","(-0.22, -0.14, 0.97)",NULL
166798.4708619,"(-0.05, 1.73, -4.06)","(-0.22, -0.14, 0.97)",NULL
166798.482007,"(-0.05, 1.73, -4.06)","(-0.22, -0.13, 0.97)",NULL
166798.4935382,"(-0.05, 1.73, -4.06)","(-0.22, -0.13, 0.97)",NULL
166798.5040475,"(-0.05, 1.73, -4.06)","(-0.22, -0.14, 0.97)",NULL
166798.5161016,"(-0.05, 1.73, -4.06)","(-0.22, -0.14, 0.97)",NULL
166798.5265428,"(-0.05, 1.73, -4.06)","(-0.22, -0.14, 0.97)",NULL
166798.5375843,"(-0.05, 1.73, -4.06)","(-0.22, -0.14, 0.96)",NULL
166798.5490649,"(-0.05, 1.73, -4.06)","(-0.22, -0.14, 0.96)",NULL
166798.5602135,"(-0.05, 1.73, -4.06)","(-0.22, -0.15, 0.96)",NULL
166798.5714468,"(-0.05, 1.73, -4.06)","(-0.23, -0.15, 0.96)",NULL
166798.5828025,"(-0.05, 1.73, -4.06)","(-0.23, -0.15, 0.96)",NULL
166798.5942489,"(-0.05, 1.73, -4.06)","(-0.23, -0.15, 0.96)",NULL
166798.6050099,"(-0.05, 1.73, -4.06)","(-0.22, -0.15, 0.96)",NULL
166798.6157286,"(-0.05, 1.73, -4.06)","(-0.22, -0.15, 0.96)",NULL
166798.6269061,"(-0.05, 1.73, -4.06)","(-0.22, -0.14, 0.96)",NULL
166798.63799,"(-0.05, 1.73, -4.06)","(-0.22, -0.14, 0.96)",NULL
166798.6496885,"(-0.05, 1.73, -4.06)","(-0.22, -0.14, 0.97)",NULL
166798.6604481,"(-0.05, 1.73, -4.06)","(-0.22, -0.14, 0.97)",NULL
166798.6713998,"(-0.05, 1.73, -4.06)","(-0.21, -0.14, 0.97)",NULL
166798.6828684,"(-0.05, 1.73, -4.06)","(-0.21, -0.14, 0.97)",NULL
166798.6935445,"(-0.05, 1.73, -4.06)","(-0.21, -0.14, 0.97)",NULL
166798.7053727,"(-0.05, 1.73, -4.06)","(-0.21, -0.14, 0.97)",NULL
166798.7158034,"(-0.05, 1.73, -4.06)","(-0.21, -0.14, 0.97)",NULL
166798.7264364,"(-0.05, 1.73, -4.06)","(-0.21, -0.14, 0.97)",NULL
166798.7376626,"(-0.05, 1.73, -4.06)","(-0.21, -0.14, 0.97)",NULL
166798.7495088,"(-0.05, 1.73, -4.06)","(-0.21, -0.14, 0.97)",NULL
166798.7599025,"(-0.05, 1.73, -4.06)","(-0.21, -0.14, 0.97)",NULL
166798.7710337,"(-0.05, 1.73, -4.06)","(-0.21, -0.14, 0.97)",NULL
166798.7823718,"(-0.05, 1.73, -4.06)","(-0.21, -0.14, 0.97)",NULL
166798.7943683,"(-0.05, 1.73, -4.06)","(-0.21, -0.14, 0.97)",NULL
166798.8049048,"(-0.05, 1.73, -4.06)","(-0.21, -0.14, 0.97)",NULL
166798.8163617,"(-0.05, 1.73, -4.06)","(-0.21, -0.15, 0.97)",NULL
166798.8268928,"(-0.05, 1.73, -4.06)","(-0.21, -0.15, 0.97)",NULL
166798.8377374,"(-0.05, 1.73, -4.06)","(-0.21, -0.15, 0.97)",NULL
166798.8494635,"(-0.05, 1.73, -4.06)","(-0.21, -0.15, 0.97)",NULL
166798.8603269,"(-0.05, 1.73, -4.06)","(-0.21, -0.15, 0.97)",NULL
166798.8713493,"(-0.05, 1.73, -4.06)","(-0.21, -0.15, 0.97)",NULL
166798.8825738,"(-0.05, 1.73, -4.06)","(-0.21, -0.15, 0.97)",NULL
166798.8940846,"(-0.05, 1.73, -4.06)","(-0.21, -0.15, 0.97)",NULL
166798.9060023,"(-0.05, 1.73, -4.06)","(-0.21, -0.15, 0.97)",NULL
166798.9158869,"(-0.05, 1.73, -4.06)","(-0.21, -0.15, 0.97)",NULL
166798.9266789,"(-0.05, 1.73, -4.06)","(-0.21, -0.15, 0.97)",NULL
166798.9378562,"(-0.05, 1.73, -4.06)","(-0.21, -0.14, 0.97)",NULL
166798.9503437,"(-0.05, 1.73, -4.06)","(-0.21, -0.14, 0.97)",NULL
166798.960128,"(-0.05, 1.73, -4.06)","(-0.21, -0.14, 0.97)",NULL
166798.9713679,"(-0.05, 1.73, -4.06)","(-0.21, -0.14, 0.97)",NULL
166798.982316,"(-0.05, 1.73, -4.06)","(-0.21, -0.14, 0.97)",NULL
166798.9934136,"(-0.05, 1.73, -4.06)","(-0.21, -0.14, 0.97)",NULL
166799.004276,"(-0.05, 1.73, -4.06)","(-0.21, -0.14, 0.97)",NULL
166799.0159068,"(-0.05, 1.73, -4.06)","(-0.21, -0.14, 0.97)",NULL
166799.0268007,"(-0.05, 1.73, -4.06)","(-0.21, -0.14, 0.97)",NULL
166799.0382116,"(-0.05, 1.73, -4.06)","(-0.21, -0.14, 0.97)",NULL
166799.0495465,"(-0.05, 1.73, -4.06)","(-0.21, -0.14, 0.97)",NULL
166799.0601752,"(-0.05, 1.73, -4.06)","(-0.21, -0.15, 0.97)",NULL
166799.0717736,"(-0.05, 1.73, -4.06)","(-0.21, -0.15, 0.97)",NULL
166799.0828644,"(-0.06, 1.73, -4.06)","(-0.21, -0.15, 0.97)",NULL
166799.0942786,"(-0.06, 1.73, -4.06)","(-0.21, -0.15, 0.97)",NULL
166799.1052202,"(-0.06, 1.73, -4.06)","(-0.21, -0.15, 0.97)",NULL
166799.1163898,"(-0.06, 1.73, -4.06)","(-0.21, -0.15, 0.97)",NULL
166799.1266461,"(-0.06, 1.73, -4.06)","(-0.21, -0.15, 0.97)",NULL
166799.1379462,"(-0.06, 1.73, -4.06)","(-0.21, -0.15, 0.97)",NULL
166799.1494536,"(-0.06, 1.73, -4.06)","(-0.21, -0.15, 0.97)",NULL
166799.1598237,"(-0.06, 1.73, -4.06)","(-0.21, -0.15, 0.97)",NULL
166799.1713618,"(-0.06, 1.73, -4.06)","(-0.21, -0.15, 0.97)",NULL
166799.1827972,"(-0.06, 1.73, -4.06)","(-0.21, -0.15, 0.97)",NULL
166799.1936006,"(-0.06, 1.73, -4.06)","(-0.21, -0.15, 0.97)",NULL
166799.2048607,"(-0.06, 1.73, -4.06)","(-0.21, -0.15, 0.97)",NULL
166799.2156934,"(-0.06, 1.73, -4.06)","(-0.21, -0.15, 0.97)",NULL
166799.2267246,"(-0.06, 1.73, -4.06)","(-0.21, -0.15, 0.97)",NULL
166799.2371435,"(-0.06, 1.73, -4.06)","(-0.21, -0.15, 0.97)",NULL
166799.2493306,"(-0.06, 1.73, -4.06)","(-0.21, -0.15, 0.97)",NULL
166799.2598615,"(-0.06, 1.73, -4.06)","(-0.21, -0.14, 0.97)",NULL
166799.2707774,"(-0.06, 1.73, -4.06)","(-0.21, -0.14, 0.97)",NULL
166799.2828416,"(-0.06, 1.73, -4.06)","(-0.21, -0.14, 0.97)",NULL
166799.2935055,"(-0.06, 1.73, -4.06)","(-0.21, -0.14, 0.97)",NULL
166799.3046789,"(-0.06, 1.73, -4.06)","(-0.21, -0.14, 0.97)",NULL
166799.3159334,"(-0.06, 1.73, -4.06)","(-0.21, -0.14, 0.97)",NULL
166799.3271503,"(-0.06, 1.73, -4.06)","(-0.21, -0.15, 0.97)",NULL
166799.3382172,"(-0.06, 1.73, -4.06)","(-0.21, -0.15, 0.97)",NULL
166799.3501818,"(-0.06, 1.73, -4.06)","(-0.21, -0.15, 0.97)",NULL
166799.3604577,"(-0.06, 1.73, -4.06)","(-0.21, -0.15, 0.97)",NULL
166799.3717849,"(-0.06, 1.73, -4.06)","(-0.21, -0.15, 0.97)",NULL
166799.3836206,"(-0.06, 1.73, -4.06)","(-0.21, -0.15, 0.97)",NULL
166799.405974,"(-0.06, 1.73, -4.06)","(-0.21, -0.15, 0.97)",NULL
166799.4161154,"(-0.05, 1.73, -4.06)","(-0.20, -0.15, 0.97)",NULL
166799.423725,"(-0.05, 1.73, -4.06)","(-0.20, -0.15, 0.97)",NULL
166799.4637481,"(-0.05, 1.73, -4.06)","(-0.20, -0.15, 0.97)",NULL
